word	category	reason
aalii	obscure	Hawaiian shrub
abaca	obscure	Philippine plant yielding Manila hemp
abaci	variant	Less common plural of abacus
abaft	obscure	Nautical term
abaka	obscure	variant of abaca
abamp	obscure	electrical unit
abeam	obscure	Nautical term: at right angles to the keel
abele	obscure	White poplar tree
abmho	obscure	electrical unit
abohm	obscure	electrical unit
aboil	obscure	boiling
aboma	obscure	South American snake
aboon	obscure	Scots word for above
abysm	archaic	old form of abyss
acari	obscure	Mite genus
acerb	variant	less common form of acerbic
aceta	obscure	plural of acetum
acidy	obscure	somewhat acid
acini	obscure	anatomical plural of acinus
ackee	obscure	Tropical fruit tree
acmic	obscure	relating to the acme
acned	obscure	having acne
acock	obscure	cocked or tilted
acold	archaic	old word for cold
acred	obscure	owning acres
actin	obscure	Specialist biochemistry term; also a fragment of actin'
addax	obscure	Desert antelope
adeem	obscure	legal term: revoke a bequest
admix	obscure	technical word meaning to mix in
adobe	proper-noun	Mostly the Adobe software brand; mud-brick sense is minor
adown	archaic	Old poetic word for down
adoze	obscure	dozing
adunc	obscure	curved inward, hooked
adust	archaic	old word for scorched
adyta	obscure	plural of adytum, inner shrine
aecia	obscure	plural of aecium, fungal structure
aedes	obscure	mosquito genus name; unfamiliar to most
afore	archaic	archaic or dialect form of before
afrit	variant	variant of afreet
agama	obscure	Lizard genus
agaze	obscure	gazing
agene	obscure	flour-bleaching chemical
agger	obscure	Roman earthwork term
aggie	proper-noun	Frequency from Texas A&M Aggies and the name Aggie
agism	variant	variant of ageism
agist	obscure	to pasture livestock for a fee
aglee	variant	variant of agley
aglet	obscure	Plastic tip of a shoelace
agley	obscure	Scots word for awry
agone	archaic	Old word for ago
agria	obscure	Pustular eruption
ahull	obscure	nautical: with sails furled
aimer	obscure	Rare agent noun; mostly French
airth	obscure	Scottish word meaning to guide
aiver	obscure	Scots word for a workhorse
ajiva	obscure	Jain term for non-living matter
ajuga	obscure	Plant genus
akela	proper-noun	Jungle Book character; Cub Scout title
akene	variant	variant of achene
alack	archaic	Old poetic exclamation of regret
alamo	proper-noun	Frequency from the Alamo, not the poplar tree
aland	proper-noun	Mostly the Aland Islands
alane	obscure	Aluminium hydride
alang	obscure	Grass; rare
alant	obscure	heraldic mastiff
alary	obscure	Relating to wings
alate	obscure	Having wings
alcid	obscure	bird of the auk family
aldol	obscure	Organic chemistry compound
aleph	obscure	Hebrew letter name; unfamiliar to most
algid	obscure	cold or chilly
algin	obscure	seaweed-derived gum
algor	obscure	medical term for coldness or chill
algum	obscure	biblical tree
aline	variant	variant spelling of align
alist	obscure	Nautical: heeling over; frequency likely from 'A-list'
aliya	proper-noun	Mostly a first name; the Hebrew term is usually aliyah
alkyd	obscure	Type of synthetic resin used in paints
alkyl	obscure	Specialist chemistry term
allee	obscure	French for avenue; ecology term
allod	obscure	land held in absolute ownership
allyl	obscure	Chemistry term
almah	obscure	Egyptian dancing girl
almeh	obscure	Egyptian dancing girl
almud	obscure	old Spanish unit of measure
almug	obscure	biblical tree
aloin	obscure	bitter compound from aloe
altho	variant	non-standard spelling of although
alula	obscure	Bird's bastard wing
alway	archaic	archaic form of always
amain	archaic	Old word meaning with full force
ambry	obscure	Recess in a church wall
ameba	variant	Variant spelling of amoeba
ameer	variant	variant spelling of emir/amir
ament	obscure	Botany term
amice	obscure	Liturgical vestment
amici	obscure	Italian plural, mostly in amici curiae
amido	obscure	Chemistry term for an amide group
amiga	proper-noun	mostly Commodore Amiga brand or Spanish text
amine	obscure	Specialist chemistry term
amnia	obscure	plural of amnion
amnic	obscure	relating to the amnion
amole	obscure	Plant root used as soap
amort	archaic	old word for lifeless
ampul	variant	variant of ampule or ampoule
amuck	variant	Usually spelt amok
ancon	obscure	Architectural bracket; the elbow
anear	archaic	old word for near
anele	archaic	Old word meaning to anoint
anent	archaic	Archaic preposition meaning concerning
anile	obscure	like a feeble old woman
anima	obscure	Jungian psychology term little known to most
animi	obscure	Plural of animus
ankus	obscure	elephant goad
anlas	obscure	medieval dagger
annal	obscure	Singular of annals; a yearly record
anole	obscure	Small American lizard
anomy	variant	variant of anomie
ansae	obscure	plural of ansa
antae	obscure	plural of anta, architectural pilaster
antra	obscure	Plural of antrum
antre	archaic	old poetic word for a cave
apeak	obscure	nautical: vertical
apeek	obscure	nautical: vertical (apeak)
apery	obscure	act of aping
aphis	variant	Less common form of aphid
apian	obscure	Relating to bees
aport	obscure	Nautical: toward port
appel	obscure	fencing term; frequency from foreign text and names
apres	obscure	French; mostly in apres-ski
apsis	obscure	orbital point in astronomy
apter	obscure	Rare word
aquae	obscure	Plural of aqua
arcus	obscure	Meteorology term
ardeb	obscure	Egyptian unit of dry measure
areae	obscure	rare Latin plural of area
areal	obscure	technical adjective; unfamiliar to most
areca	obscure	Palm species
areic	obscure	relating to area
arete	obscure	Geology or Greek philosophy term
argal	obscure	crude tartar; also argol
argil	obscure	potter's clay
argle	obscure	to argue; as in argle-bargle
argol	obscure	crude tartar deposit
argus	proper-noun	Frequency from Argus (myth, newspapers), not the pheasant
arhat	obscure	Buddhist saint
ariel	proper-noun	Mostly the name Ariel (The Little Mermaid); gazelle sense obscure
arles	proper-noun	mostly the French city of Arles
armer	obscure	Rare word
armet	obscure	medieval helmet
aroid	obscure	Arum-family plant
arpen	obscure	old French land measure
arras	proper-noun	mostly the French city of Arras
arris	obscure	Architecture term; also a company name
arsis	obscure	Metrical term for an unstressed beat
artal	obscure	plural of rotl, Arab weight
artel	obscure	Russian workers' cooperative
arval	obscure	relating to a funeral feast
asana	proper-noun	Frequency boosted by Asana software; yoga term less known
ascot	proper-noun	Frequency mostly from Ascot racecourse/town rather than the necktie
ascus	obscure	Fungal spore sac
asdic	obscure	Old British sonar
askoi	obscure	plural of askos
askos	obscure	ancient Greek oil jar
asper	obscure	Greek diacritic term
aspis	obscure	Asp
assai	obscure	Musical term meaning very
asses	offensive	Vulgar plural of ass; mostly used as a vulgarity
asyla	variant	rare Latin plural of asylum
ataxy	variant	variant of ataxia
atilt	obscure	tilted or in a jousting position
atman	obscure	Hindu philosophical term for the self
atomy	archaic	old word for skeleton or atom
atony	obscure	medical term for lack of muscle tone
atopy	obscure	Allergic hypersensitivity
atrip	obscure	nautical: just clear of the bottom
attar	obscure	Perfume oil; also a surname
audad	variant	variant of aoudad
aught	archaic	archaic word for anything
aulic	obscure	Relating to a royal court
aunty	variant	Less common spelling of auntie
aurae	variant	rare Latin plural of aura
aurar	obscure	plural of eyrir, Icelandic coin
aurei	obscure	plural of aureus, Roman coin
aures	obscure	Plural of auris, the ear
auric	obscure	Chemistry adjective relating to gold
auris	proper-noun	Mostly the Toyota Auris
aurum	obscure	Latin for gold
auxin	obscure	Plant hormone
avant	obscure	Used almost only within 'avant-garde', not as a standalone word
avast	archaic	archaic nautical command
avens	obscure	Rose-family plant
avgas	obscure	Aviation gasoline
avion	obscure	French for aeroplane
aviso	obscure	Dispatch boat; advice
awned	obscure	botanical: having bristles
axile	obscure	botanical: relating to an axis
axion	obscure	Particle-physics term
axite	obscure	fibre of an axon
axmen	variant	plural of axman, variant of axeman
axone	variant	variant of axon
azide	obscure	Chemistry term
azido	obscure	Chemistry term
azine	obscure	chemical compound
azlon	obscure	synthetic protein fibre
azoic	obscure	geological term: without life
azole	obscure	Chemistry ring compound
azote	obscure	Old name for nitrogen
azoth	obscure	Alchemist's mercury
babel	proper-noun	Frequency mostly from the Tower of Babel and titles
baboo	variant	Variant of babu; Indian title, sometimes derogatory
babul	obscure	Acacia tree
bacca	obscure	Dialect for tobacco; botany term
baddy	variant	Variant spelling of baddie
baffy	obscure	old golf club
baith	obscure	Scottish word for both
baiza	obscure	Omani coin
balas	obscure	Rose-red spinel gemstone
bally	proper-noun	mostly Bally brand (casinos, gyms, shoes); slang sense dated
banco	proper-noun	Frequency from bank names (Banco Santander etc.), not the gambling term
baned	obscure	poisoned or ruined
banty	obscure	Bantam chicken
barbe	obscure	Rare word; mostly a surname
barde	obscure	Horse armour
baric	obscure	Relating to barium or pressure
barky	obscure	Covered with bark
barny	variant	Variant spelling of barney (a row)
barye	obscure	Unit of pressure
bassi	proper-noun	Mostly a surname
battu	obscure	ballet term
bawty	obscure	Scots word for a dog
bazar	variant	variant spelling of bazaar
bazoo	obscure	slang for mouth
beamy	obscure	Broad in the beam
beano	proper-noun	mostly The Beano comic
becap	obscure	to put a cap on
bedel	variant	Variant spelling of beadle
bedew	archaic	literary word meaning to wet with dew
bedim	archaic	literary word meaning to make dim
begat	archaic	archaic past tense of beget
begum	proper-noun	mostly a title within personal names
beigy	obscure	somewhat beige
belga	obscure	Former Belgian currency
bemix	obscure	to mix thoroughly
benne	obscure	Sesame plant or seed
benni	variant	Variant spelling of benne (sesame)
benny	proper-noun	Mostly the first name Benny; the common word is obscure
berme	variant	variant of berm
beryl	proper-noun	Frequency largely from the first name Beryl
besom	obscure	Broom made of twigs
beton	obscure	French for concrete
bevor	obscure	Armour for the lower face
bewig	obscure	to adorn with a wig
bezil	variant	variant of bezel
bhang	obscure	Indian cannabis preparation
bhoot	obscure	Indian ghost
biali	variant	variant of bialy
bialy	obscure	Flat onion roll
bible	proper-noun	frequency mostly from the Bible (scripture title), not generic sense
bider	obscure	one who bides
bield	obscure	Scots word for shelter
biffy	obscure	Slang for a toilet; mostly a band name
bifid	obscure	Split into two parts
bikie	obscure	Australian slang for a biker
bilbo	proper-noun	Frequency from Bilbo Baggins, not the sword
bilgy	obscure	smelling of bilge water
billy	proper-noun	frequency mostly from the first name Billy, not billy club/goat
bimah	obscure	synagogue platform
binal	obscure	twofold
binit	obscure	binary digit
biont	obscure	a living organism
birle	obscure	Scots word to spin or pour
birse	obscure	Scottish word for bristle
bitsy	obscure	Rarely used outside the phrase itsy-bitsy
blain	obscure	old word for a blister; frequency from surname
blate	obscure	Scots word for bashful
blawn	obscure	Scots form of blown
blear	archaic	literary word meaning to blur
blent	archaic	Old past tense of blend
blest	archaic	Poetic form of blessed
blimy	variant	variant of blimey
blite	obscure	herb of the goosefoot family
bluet	obscure	Small blue flower
bluey	proper-noun	Mostly the children's TV show Bluey
blume	proper-noun	mostly the surname Blume (Judy Blume)
blype	obscure	Scots word for a shred of skin
boart	variant	Variant spelling of bort
bobby	proper-noun	frequency mostly from the first name Bobby, not the police slang
bocci	variant	Variant spelling of bocce
boche	offensive	Ethnic slur for Germans
bogle	proper-noun	mostly the surname Bogle (John Bogle)
bohea	obscure	black Chinese tea
boite	obscure	French for nightclub
bolar	obscure	Relating to bole clay
bombe	obscure	Dessert term
boner	offensive	Vulgar slang for an erection
boney	variant	variant spelling of bony
bonne	obscure	mostly French text; English sense (maid) is rare
bonze	obscure	Buddhist monk
boogy	variant	Variant spelling of boogie
boral	obscure	Boron carbide and aluminium material
borty	obscure	Scots slang word
bortz	obscure	Low-grade diamond
bosky	obscure	Wooded, bushy
botel	variant	variant of boatel
bothy	obscure	Scots word for a hut
boule	obscure	French bread or game; unfamiliar to most
bourg	obscure	Rare word for a market town; mostly in French place names
bourn	archaic	Archaic word for a stream or boundary
bouse	obscure	Nautical: to haul with tackle
bousy	variant	variant of boozy
bovid	obscure	Member of the cattle family
bowse	obscure	nautical: to haul with tackle
boyar	obscure	Historical Russian noble
boyla	obscure	West African witch doctor
brach	archaic	Archaic word for a hound
bract	obscure	Botany term
brail	obscure	Rope for furling a sail
braky	obscure	full of bracken
brank	obscure	old scold's bridle
brant	proper-noun	Frequency from the surname Brant, not the goose
bravi	obscure	Plural of bravo, a hired assassin
braxy	obscure	disease of sheep
braza	obscure	Spanish unit of length
brede	archaic	Archaic word for braid
brent	proper-noun	Mostly the name Brent / Brent crude; brant-goose sense is obscure
breve	obscure	Music or diacritic term
brier	variant	variant spelling of briar
britt	proper-noun	Frequency from the first name Britt; young-herring sense is obscure
brock	proper-noun	Mostly the name Brock; common word (badger) is obscure
brome	obscure	Type of grass
bromo	proper-noun	mostly Bromo-Seltzer brand and Mount Bromo
brose	obscure	Scottish oatmeal dish
brosy	obscure	Scots: fed on brose
brugh	variant	Variant of burgh
bruin	proper-noun	mostly the Bruins sports teams
bruit	obscure	To spread a rumour; rare literary word
brume	obscure	Literary word for mist
brusk	variant	variant of brusque
bubal	obscure	North African antelope
bubby	obscure	Rare slang; mostly a nickname
buffi	obscure	plural of buffo
buffo	obscure	Comic opera singer
buffy	proper-noun	Mostly Buffy the Vampire Slayer; the adjective is obscure
bulla	obscure	Medical or historical term for a blister or seal
bumph	variant	variant of bumf
bunko	variant	Less common spelling of bunco
bunya	obscure	Australian pine tree
buran	obscure	Russian steppe blizzard
buret	variant	Variant spelling of burette
burgh	obscure	Scottish term for a borough, little known elsewhere
burin	obscure	Engraving tool
burke	proper-noun	Mostly the surname Burke; the verb (to suffocate) is obscure
burry	proper-noun	mostly the surname Burry; common word is rare
bursa	proper-noun	mostly the Turkish city of Bursa
burse	obscure	Ecclesiastical purse
busby	proper-noun	mostly the surname Busby; the hat is rarely known
busty	offensive	Sexualised term; web frequency largely from adult content
buteo	obscure	Hawk genus
butle	obscure	to act as a butler
butut	obscure	Gambian coin
bwana	obscure	Swahili term for master
byssi	obscure	plural of byssus
cabob	variant	variant of kebab
cadgy	obscure	Scots word for cheerful
caeca	obscure	Plural of caecum
cager	obscure	Slang for a basketball player
cahow	obscure	Bermuda petrel
caird	proper-noun	Mostly a surname; Scots word for tinker
cajon	proper-noun	mostly El Cajon / Cajon Pass place names
calif	proper-noun	Mostly the abbreviation Calif. (California); variant of caliph
calix	obscure	A cup or chalice
camas	proper-noun	Mostly Camas, Washington; the plant is obscure
campi	obscure	Plural of campo; also a surname
campo	proper-noun	Frequency from Spanish/Italian names; grassland sense is obscure
caner	obscure	Rare slang
canna	obscure	plant name; mostly Scots "cannot"
canso	obscure	Troubadour song; also a place name
canst	archaic	archaic form of can
canty	obscure	Scots word for cheerful
caput	obscure	Latin for head; anatomy term
carex	obscure	Botanical genus of sedges
carle	proper-noun	mostly the surname Carle; archaic word is rare
carol	proper-noun	frequency mostly from the first name Carol, not the song
carom	obscure	Billiards term
carpi	obscure	Anatomical plural; also an Italian town
carse	obscure	Scottish low fertile land by a river
carte	obscure	Standalone only a fencing term; frequency from a la carte/carte blanche
casky	obscure	like a cask
casus	obscure	Latin, mostly in casus belli
cauld	variant	Scottish variant of cold
cavie	obscure	Scots word for a hen coop
cebid	obscure	New World monkey
cecal	obscure	Relating to the caecum
cecum	obscure	Anatomy term
ceiba	obscure	Tree genus
cella	obscure	Architecture term for a temple chamber
celli	variant	Less common plural of cello (cellos)
celom	variant	variant of coelom
cense	obscure	To perfume with incense
cento	obscure	Rare literary term; also Italian for hundred
ceorl	archaic	Anglo-Saxon freeman
cerci	obscure	Zoology plural
cered	obscure	wrapped in waxed cloth
ceria	obscure	Cerium oxide
ceric	obscure	Containing cerium
cesta	obscure	Jai alai wicker basket
cesti	obscure	plural of cestus
chang	proper-noun	Mostly the surname Chang; the common word is obscure
chape	obscure	Metal tip of a scabbard
chapt	archaic	Old past tense of chap
chare	archaic	Old word for a chore
chark	obscure	To char
charr	variant	Variant spelling of char (the fish)
chela	obscure	Zoology term for a claw
chert	obscure	Technical geology term for a rock
cheth	variant	variant of heth, Hebrew letter
chevy	proper-noun	Mostly the Chevrolet nickname; the verb (to chase) is obscure
chiao	obscure	Chinese currency unit; mostly in names
chico	proper-noun	Frequency from Spanish/names (Chico, CA; Chico Marx), not the shrub
chiel	obscure	Scots word for a lad
chile	proper-noun	frequency mostly from the country Chile, not the pepper
chimb	obscure	rim of a cask
china	proper-noun	frequency mostly from the country China, not porcelain
chine	obscure	backbone or ravine; unfamiliar to most
chink	offensive	ethnic slur (despite the innocent sense)
chirk	proper-noun	Mostly Chirk, a Welsh town
chirm	obscure	to chirp
chiro	obscure	Rare shortening of chiropractor; also a name
chirr	obscure	to make a trilling insect sound
chivy	variant	variant of chivvy
choky	variant	Variant spelling of chokey
cholo	offensive	often derogatory slang for Latino men
chook	obscure	Australian slang for chicken
chott	obscure	North African salt lake
chufa	obscure	sedge with edible tubers
churl	archaic	Old word for a rude peasant
churr	obscure	to make a whirring sound
chyle	obscure	Digestive lymph fluid
chyme	obscure	Partly digested food
cibol	obscure	Welsh onion
cimex	obscure	Bedbug genus
cirri	obscure	Plural of cirrus
cisco	proper-noun	Mostly the Cisco brand; the fish sense is obscure
cissy	variant	variant spelling of sissy
civie	variant	variant of civvy
clach	obscure	Scots word for a stone
clapt	archaic	old past tense of clap
claro	obscure	cigar term; mostly Spanish text
clary	proper-noun	Frequency from the first name Clary; herb sense is little known
clast	obscure	Rock fragment
clave	obscure	Music term or archaic past tense of cleave
clavi	obscure	plural of clavus
cleek	obscure	Old golf club
clepe	archaic	old word meaning to call or name
clept	archaic	old past tense of clepe
clift	proper-noun	mostly the surname Clift; archaic form of cliff
clime	archaic	Poetic word for climate or region
cline	proper-noun	Frequency from the surname Cline (Patsy Cline)
clipt	archaic	old past tense of clip
clomb	archaic	old past tense of climb
cloot	obscure	Scots word for a hoof
clour	obscure	Scots word for a bump or blow
cloze	obscure	Type of reading comprehension test
coact	obscure	to act together
coala	variant	variant of koala
coaly	obscure	like coal
coapt	obscure	to fit together
coati	obscure	Raccoon-like mammal
cobby	obscure	Rare word for stocky
cobia	obscure	Species of game fish
coble	obscure	Fishing boat; also a surname
cocci	obscure	Plural of coccus, spherical bacteria
coden	obscure	Periodical identification code
cogon	obscure	tropical grass
cohog	variant	variant of quahog
coign	obscure	projecting corner
coled	obscure	rare word
colin	proper-noun	frequency mostly from the first name Colin; bird sense obscure
colly	obscure	Rare word; variant of collie
colog	obscure	cologarithm
colza	obscure	rapeseed
comae	obscure	plural of coma, comet envelope
comal	obscure	Mexican griddle; also a Texas county
combe	obscure	valley term; frequency from place names
comix	variant	Non-standard spelling of comics
commy	variant	Variant spelling of commie
compt	archaic	old spelling of count
comte	proper-noun	Frequency from French names/titles (Auguste Comte)
coney	proper-noun	Frequency from Coney Island; rabbit sense is archaic
conge	obscure	formal leave-taking
congo	proper-noun	Mostly the country/river Congo; the common word is obscure
conin	obscure	poisonous alkaloid
conky	obscure	British slang: having a big nose
conte	proper-noun	Frequency from the surname/Italian name Conte, not the short-story sense
conto	obscure	Former Portuguese money unit
conus	obscure	anatomical/zoological term
cooch	offensive	vulgar slang
cooer	obscure	one who coos
cooey	variant	variant of cooee
cooky	variant	Less common spelling of cookie
cooly	offensive	Variant of coolie, an ethnic slur
coomb	variant	variant of combe
coopt	variant	Variant spelling of co-opt
copal	obscure	Tropical tree resin
copen	obscure	Shade of blue
coper	obscure	Horse dealer
copra	obscure	Dried coconut kernel
corby	proper-noun	Frequency from the town/surname Corby, not the crow
coria	obscure	Plural of corium, the dermis
cornu	obscure	Anatomy term
corse	archaic	archaic word for corpse
cosec	obscure	cosecant abbreviation
coses	obscure	plural of cos lettuce
coset	obscure	Mathematical group theory term
cosey	variant	Variant spelling of cosy
cosie	variant	variant of cosy
costa	proper-noun	frequency mostly from Costa Rica / Costa brand; rib sense obscure
cotan	obscure	cotangent abbreviation
coted	obscure	passed in coursing
cotta	obscure	Vestment term; frequency from terra cotta/panna cotta
coude	obscure	telescope type
covin	archaic	old legal term for conspiracy
cowry	variant	Variant spelling of cowrie
coxae	obscure	Plural of coxa, the hip
coxal	obscure	anatomical adjective relating to the hip
coyed	obscure	past of coy as a verb
coypu	obscure	South American rodent (nutria)
cozen	archaic	Old word meaning to cheat
cozes	obscure	plural of coz, cousin
cozey	variant	variant of cozy
cozie	variant	variant of cozy
craal	variant	variant of kraal
crake	obscure	Bird species
crape	variant	Variant spelling of crepe
crepy	variant	variant of crepey
cripe	obscure	Mild oath; rare singular of cripes
croci	variant	Less common plural of crocus
crore	obscure	Indian term for ten million; unfamiliar to most other speakers
croze	obscure	Cooper's tool
cruck	obscure	Curved timber
crump	proper-noun	Frequency from the surname Crump
cruor	obscure	clotted blood
crura	obscure	Plural of crus, the leg
cruse	archaic	Biblical word for a small jar
crwth	obscure	ancient Celtic stringed instrument
cubeb	obscure	spice berry
cuddy	proper-noun	mostly the surname Cuddy; common word is rare
cuish	variant	variant of cuisse
culch	variant	variant of cultch
culet	obscure	small facet at base of a gem
culex	obscure	Mosquito genus
cully	archaic	Archaic slang for a dupe
culpa	obscure	rarely used outside the phrase mea culpa
culti	obscure	Plural of cultus
cupel	obscure	assaying vessel
cupid	proper-noun	Frequency mostly from the Roman god Cupid and brands like OkCupid
cuppy	obscure	Cup-shaped; full of hollows
curch	obscure	woman's kerchief
curet	variant	less common spelling of curette
curia	obscure	papal or Roman court; unfamiliar to most
curie	proper-noun	Frequency mostly from Marie Curie rather than the unit
curst	archaic	Old spelling of cursed
cusec	obscure	cubic foot per second
cusso	obscure	Abyssinian tree
cutch	obscure	Dye extract; unfamiliar to most
cutey	variant	Variant spelling of cutie
cutin	obscure	waxy plant substance
cutis	obscure	Anatomical term for the skin
cutty	proper-noun	mostly the ship Cutty Sark
cyano	obscure	Chemistry term for the cyanide group
cycad	obscure	Palm-like primitive plant
cycas	obscure	Cycad plant genus
cyclo	obscure	Rickshaw or prefix; rare as a word
cyder	variant	Old spelling of cider
cylix	obscure	ancient Greek drinking cup
cymae	obscure	plural of cyma
cymar	obscure	woman's loose robe
cymol	obscure	chemical cymene
cyton	obscure	body of a nerve cell
dagga	obscure	South African word for cannabis
daman	proper-noun	Mostly the place Daman in India
damar	obscure	Resin; also a name
danio	obscure	Aquarium fish
daric	obscure	Ancient Persian coin
darky	offensive	Racial slur
dashi	obscure	Japanese soup stock
dashy	obscure	Showy
datto	obscure	Philippine tribal chief
daube	obscure	French braised meat stew
dauby	obscure	smeary
daven	obscure	Yiddish word meaning to pray
davit	obscure	Nautical crane
dawed	obscure	Scots: dawned
dawen	obscure	Scots past participle of daw
deair	obscure	to remove air from
deary	variant	Usually spelt dearie
deash	obscure	to remove ash from
deave	obscure	Scots word meaning to deafen
debye	proper-noun	The physicist Debye and the unit named after him
dedal	variant	variant of daedal
deedy	obscure	Industrious; rare
degas	proper-noun	mostly the painter Edgar Degas
degum	obscure	to remove gum from
deked	obscure	hockey slang for feinted
dekko	obscure	British slang for a look
deled	obscure	proofreading: deleted
delft	proper-noun	mostly the Dutch city of Delft
delly	obscure	Rare word; mostly a nickname
demit	obscure	To resign
deoxy	obscure	Chemistry prefix
derat	obscure	to rid of rats
deray	archaic	Old word for disorder or tumult
derma	obscure	Anatomical term for skin
derry	proper-noun	Frequency from the city of Derry; common sense is an obscure song refrain
devel	obscure	Scots word; web frequency from software "devel" packages
devon	proper-noun	Mostly the English county Devon; cattle-breed sense is rare
dewan	proper-noun	mostly a title or surname in names
dewar	proper-noun	mostly Dewar's whisky brand and surname
dexes	obscure	plural of dex, slang for a stimulant
dexie	obscure	slang for a dextroamphetamine tablet
dhobi	obscure	Indian laundry worker
dhole	obscure	Asian wild dog
dhuti	variant	variant of dhoti
diazo	obscure	Chemistry term for a two-nitrogen group
dicot	obscure	Botany: two-seed-leaf plant
dicta	obscure	Legal plural, mostly in obiter dicta
dicty	obscure	slang for snobbish
didie	obscure	variant of didy, a diaper
didst	archaic	archaic past tense of do
diene	obscure	Chemistry term
dight	archaic	Old word meaning to dress or adorn
diker	obscure	one who builds dikes
dikey	offensive	derived from a slur for a lesbian
dildo	offensive	Sexual term; likely to upset students
dimer	obscure	chemistry jargon; unfamiliar to most
dinge	offensive	Dated racial slur; also means dinginess
dipso	obscure	slang for dipsomaniac
disci	obscure	rare plural of discus
disme	obscure	early US ten-cent coin
ditsy	variant	Variant spelling of ditzy
diwan	variant	variant spelling of dewan
dixit	proper-noun	mostly the surname Dixit or phrase ipse dixit
dizen	archaic	old word meaning to dress up
dobby	proper-noun	mostly Dobby the house-elf from Harry Potter
dobie	proper-noun	mostly the surname Dobie
dobla	obscure	old Spanish coin
dobra	obscure	Sao Tome monetary unit
doest	archaic	Archaic form of do
doeth	archaic	Archaic form of does
dogey	variant	variant of dogie
dogie	obscure	motherless calf; cowboy term
dolce	proper-noun	Frequency from Dolce & Gabbana/Italian rather than the music term
dolci	obscure	Plural of dolce, Italian desserts
dolly	proper-noun	Mostly Dolly Parton / Dolly the sheep / the name Dolly
dolor	archaic	Poetic word for sorrow
domal	obscure	relating to a house
domic	obscure	dome-shaped
donee	obscure	Legal term
donga	obscure	South African gully
donna	proper-noun	Mostly the first name Donna; common word (Italian lady) is rare
donne	proper-noun	Frequency from John Donne and foreign text
donsy	obscure	Scots word for unlucky
donut	variant	Informal spelling of doughnut
dooly	obscure	Indian litter or stretcher
dormy	obscure	Golf term
dorsa	obscure	Plural of dorsum, the back
dorty	obscure	Scots word for sulky
dotal	obscure	relating to a dowry
douce	obscure	Scots word for sedate; mostly French
douma	proper-noun	Frequency mainly from Douma in Syria; variant of duma
doura	variant	Variant spelling of durra
doven	obscure	to doze
dowed	obscure	Scots: was able
dowie	proper-noun	Mostly a surname
doxie	variant	Variant spelling of doxy
doyly	variant	variant of doily
draff	obscure	brewing dregs
drail	obscure	weighted fishhook
drake	proper-noun	Mostly Drake the rapper / Francis Drake; male duck sense is rare
drave	archaic	old past tense of drive
drear	archaic	Poetic word for dreary
dreed	obscure	Scots: endured
drest	archaic	Old past tense of dress
dript	archaic	old past tense of drip
droit	obscure	legal term for a right; mostly French text
dropt	archaic	Old past tense of drop
drouk	obscure	Scots word meaning to drench
drupe	obscure	Botanical term for a stone fruit
druse	proper-noun	Mostly a variant of Druze, the religious group
ducat	archaic	Archaic coin
duddy	obscure	Rare dialect word; mostly a name
dulia	obscure	theological veneration of saints
dulse	obscure	Edible red seaweed
dumka	obscure	Slavic lament-style music
dumky	obscure	plural of dumka, Slavic folk ballad
dunam	obscure	Middle Eastern land measure
dunch	obscure	Scots word for a nudge
dungy	proper-noun	Mostly the surname Dungy
duomi	obscure	plural of duomo, Italian cathedral
duomo	proper-noun	mostly Italian cathedral names (e.g. Florence Duomo)
duple	obscure	Musical term for two beats per bar
dural	obscure	Anatomical adjective
dured	archaic	old word for endured
duroc	obscure	Breed of American pig
durra	obscure	Grain sorghum
durst	archaic	archaic past tense of dare
dutch	proper-noun	demonym/language Dutch
dwine	obscure	Scots word meaning to pine away
dynel	obscure	synthetic fibre
eagre	obscure	tidal bore
eaved	obscure	having eaves
ebbet	obscure	green newt
eched	archaic	old form of eked
edile	variant	variant of aedile
educe	obscure	to draw out or elicit
educt	obscure	chemical extract
egest	obscure	to excrete
eggar	obscure	Type of moth
egger	proper-noun	Mostly a surname
eidos	obscure	Philosophy term; also a games company
eikon	variant	Variant spelling of icon
elain	obscure	Liquid fat
elemi	obscure	fragrant resin
elint	obscure	Electronic intelligence
eloin	archaic	old legal word meaning to remove
elute	obscure	Chemistry: to extract by washing
elver	obscure	Young eel
embar	archaic	Old word meaning to imprison
embay	obscure	to shelter in a bay
embow	archaic	old word meaning to arch
emeer	variant	variant of emir
emmer	obscure	Ancient wheat
emmet	proper-noun	Frequency from the first name Emmet; ant sense is archaic
emyde	obscure	freshwater tortoise
enate	obscure	related on the mother's side
endue	archaic	literary word meaning to endow
enorm	archaic	old word for enormous
ensky	archaic	old word meaning to exalt
entia	obscure	plural of ens, philosophical term
enure	variant	variant of inure
envoi	obscure	Short closing stanza of a poem
enzym	variant	variant of enzyme
eosin	obscure	Laboratory dye
epact	obscure	Calendar term for lunar age
ephah	archaic	Ancient Hebrew dry measure
ephod	archaic	Biblical priestly garment
ephor	obscure	Spartan magistrate
epode	obscure	Lyric poem
equid	obscure	Member of the horse family
ergot	obscure	Fungus; unfamiliar to most
erica	proper-noun	Mostly the first name Erica; the heath-plant sense is obscure
erose	obscure	botanical: irregularly notched
erses	obscure	plural of erse, bitter vetch
eruct	obscure	to belch
erugo	obscure	variant of aerugo, verdigris
ervil	obscure	bitter vetch
escar	variant	variant of esker
escot	archaic	old word meaning to support
eskar	variant	variant of esker
esker	obscure	Glacial gravel ridge
esses	obscure	Plural of the letter name ess
estop	obscure	Legal term meaning to bar
etape	obscure	Military storehouse or march stage
etwee	variant	variant of etui
etyma	obscure	plural of etymon
evert	proper-noun	mostly the surname Evert (Chris Evert)
evite	proper-noun	Frequency mainly from the Evite brand; word itself archaic
excel	proper-noun	Mostly Microsoft Excel rather than the verb
exine	obscure	outer layer of a pollen grain
eying	variant	Less common spelling of eyeing
eyrir	obscure	Icelandic coin
facer	obscure	Sudden setback or blow
facia	variant	Variant spelling of fascia
fadge	obscure	British dialect word meaning to fit
faena	obscure	Bullfighting passes
faery	archaic	Archaic spelling of fairy
fagin	proper-noun	the Dickens character Fagin
fanga	obscure	Spanish unit of dry measure
fanny	offensive	Vulgar slang (genitals in UK, buttocks in US)
fanon	obscure	liturgical vestment; frequency from fandom slang/Fanon
fanum	obscure	papal vestment
faqir	variant	Variant spelling of fakir
farad	obscure	Unit of electrical capacitance
farci	obscure	culinary: stuffed
farcy	obscure	disease of horses
farer	obscure	Traveller
farle	variant	variant of farl
fatso	offensive	Insult about body weight
faugh	archaic	Old exclamation of disgust
fauld	obscure	armour piece
fauve	obscure	Fauvist painter
favus	obscure	skin disease
fawny	obscure	fawn-coloured
fayed	proper-noun	Frequency from the surname Fayed
fease	obscure	to worry or disturb
feaze	obscure	to unravel
feeze	obscure	to drive off
feist	proper-noun	Mostly the singer Feist; the dog sense is rare
felid	obscure	Member of the cat family
felly	obscure	Rim of a wooden wheel
fenny	obscure	Marshy, fen-like
feoff	archaic	feudal term for a fief
feria	obscure	Spanish word for a fair
ferly	obscure	Scots word for a wonder
fermi	proper-noun	Frequency from Enrico Fermi rather than the unit
fesse	obscure	Heraldic horizontal band
fetor	obscure	strong offensive smell
feuar	obscure	Scots feudal tenant
feued	obscure	Scots feudal: granted as a feu
feyly	obscure	in a fey manner
fezes	variant	less common plural of fez
fichu	obscure	triangular scarf
ficin	obscure	enzyme from fig latex
fidge	obscure	dialect word meaning to fidget
fifed	obscure	played on a fife
filar	obscure	Relating to threads
filet	variant	Less common spelling of fillet
fille	obscure	mostly French text
fillo	variant	variant of filo or phyllo
filum	obscure	Threadlike structure
finis	obscure	Latin for the end; rarely used in English
finny	proper-noun	Mostly a first name
fiord	variant	Less common spelling of fjord
fique	obscure	Colombian plant fibre
firry	obscure	abounding in firs
firth	proper-noun	Frequency mostly from surname Firth and Scottish place names
fitch	proper-noun	Frequency from surname Fitch (Abercrombie & Fitch, Fitch Ratings)
fjeld	obscure	Scandinavian upland plateau
flamy	obscure	flamelike
flawy	obscure	full of flaws
flaxy	obscure	like flax
fleam	obscure	lancet for bloodletting
fleer	archaic	Archaic word for sneer
flier	variant	Less common spelling of flyer
flite	obscure	Scots word meaning to scold
flong	obscure	printing matrix paper
flota	obscure	Spanish treasure fleet
flued	obscure	having a flue
flump	obscure	British informal word for a heavy fall
fluor	obscure	Mineralogy term for fluorite
fluty	variant	variant of flutey
fluyt	obscure	Dutch merchant ship
flyte	archaic	Old Scots word meaning to quarrel or scold
foehn	obscure	Warm dry mountain wind
fogie	variant	variant of fogy
folia	obscure	Latin plural; also a music form
fondu	variant	Variant spelling of fondue
foram	obscure	Foraminifer protozoan
forby	obscure	Scottish word for besides
fordo	archaic	Old word meaning to destroy
forky	obscure	Forked
forme	obscure	printing term; mostly French text
fosse	obscure	ditch or moat; frequency from Fosse Way and names
fount	archaic	Poetic word for a fountain or source
fovea	obscure	Anatomy term
frank	proper-noun	frequency mostly from the first name Frank, not the adjective
frass	obscure	Insect droppings
fremd	archaic	Old word for foreign or strange
frena	obscure	plural of frenum
frere	obscure	mostly French text; English sense unfamiliar
frier	variant	Less common spelling of fryer
frise	obscure	Mostly a fragment of bichon frise
frith	proper-noun	mostly the surname Frith; common word is rare
fritt	variant	variant of frit
fritz	proper-noun	Mostly the name Fritz; common only in 'on the fritz'
frons	obscure	Zoology term
frore	archaic	old word for frozen
fubsy	obscure	chubby and squat
fucus	obscure	Genus of brown seaweed
fugal	obscure	In the style of a fugue
fuggy	obscure	British informal word for stuffy
fugio	obscure	early US copper coin
fugle	obscure	to lead or signal
fumer	obscure	one who fumes
fumet	obscure	concentrated stock
fundi	obscure	Plural of fundus; South African for expert
fungo	obscure	Baseball fielding practice hit
furan	obscure	Organic chemistry compound
furze	obscure	Plant also called gorse
furzy	obscure	covered with furze
fusee	obscure	Friction match; watch part
fusel	obscure	Oily alcohol mixture
fusil	obscure	Old light musket
fuzed	variant	Variant spelling of fused
fuzee	variant	variant of fusee
fuzil	variant	variant of fusil
fytte	archaic	old word for a section of a poem
gabby	proper-noun	Frequency mostly from the nickname Gabby rather than the adjective
gaddi	obscure	Indian throne cushion
gadid	obscure	fish of the cod family
gaged	variant	Variant spelling of gauged
gager	variant	Variant spelling of gauger
galah	obscure	Australian cockatoo
galax	proper-noun	Mostly Galax, Virginia
galea	obscure	Anatomy or zoology term
gally	obscure	Dialect word meaning to frighten
galop	obscure	Lively 19th-century dance
gamay	obscure	Red wine grape variety
gamba	obscure	Viol or prawn; unfamiliar to most speakers
gambe	obscure	heraldic leg
gamic	obscure	biology: sexual
gamin	obscure	Street urchin
ganef	variant	variant of goniff
ganev	variant	Variant of ganef
ganof	variant	variant of goniff
garni	obscure	French, mostly in bouquet garni
garth	proper-noun	Mostly the name Garth (Garth Brooks); the common word is obscure
gault	proper-noun	mostly the surname Gault; clay sense is rare
gauss	proper-noun	Frequency from Carl Friedrich Gauss rather than the unit
gavot	variant	variant of gavotte
gawsy	obscure	Scots word for well-fed
gayal	obscure	Asian ox
gayer	offensive	likely to be read as a homophobic jibe
gayly	variant	Variant spelling of gaily
gazar	obscure	silk fabric
geest	obscure	Alluvial deposits
gelee	obscure	Jelly
gelid	obscure	Icy cold
gemma	proper-noun	Mostly the first name Gemma; the botanical sense is obscure
gemmy	obscure	Full of gems
gemot	archaic	Anglo-Saxon assembly
genet	obscure	small carnivore; frequency from Jean Genet
genic	obscure	Relating to genes
genip	obscure	tropical tree
genoa	proper-noun	Frequency from the city of Genoa, not the jib sail
genom	variant	Variant spelling of genome
genro	obscure	Japanese elder statesmen
genua	obscure	Plural of genu, the knee
geoid	obscure	Geodesy term for the Earth's idealised shape
gerah	obscure	ancient Hebrew weight
gesso	obscure	Artist's primer
geste	archaic	Archaic word for a tale of deeds
ghast	archaic	Old word for ghastly
ghaut	variant	Variant spelling of ghat
ghazi	proper-noun	mostly a personal name or title in names
ghyll	variant	Variant spelling of gill (ravine)
gighe	obscure	variant of giga, Italian dance
gigot	obscure	Leg of lamb
gigue	obscure	Baroque dance
gilly	proper-noun	mostly the first name Gilly; common word is rare
gimel	obscure	Hebrew letter
gimpy	offensive	Derogatory about disability
ginny	proper-noun	Frequency from the first name Ginny
gipon	obscure	medieval tunic
gipsy	variant	less common spelling of gypsy
giron	proper-noun	Mostly a surname
girsh	obscure	Saudi coin
gismo	variant	Variant spelling of gizmo
glace	obscure	French culinary loanword used mostly in fixed phrases
glady	obscure	Full of glades
glair	obscure	egg-white glaze
glazy	obscure	glazed
gleba	obscure	Fungal spore mass
glebe	obscure	church land term; frequency mostly from place names
glede	obscure	bird of prey
gleed	archaic	Old word for a glowing coal
gleek	archaic	Old word for a jest or gibe
gleet	obscure	medical discharge
glial	obscure	neuroscience jargon
gliff	obscure	Scots word for a glance
glime	obscure	to glance slyly
gloam	archaic	old word for twilight
glogg	obscure	Scandinavian mulled wine
glost	obscure	pottery glaze
glout	obscure	to frown
gloze	archaic	old word meaning to gloss over
glume	obscure	Grass husk bract
gluon	obscure	Particle-physics term
gnarr	variant	Variant spelling of gnar
gnawn	archaic	old past participle of gnaw
goban	obscure	Go game board
godet	obscure	Triangular fabric insert
gombo	variant	variant of gumbo
gonef	variant	variant of goniff
gonia	obscure	plural of gonion, skull point
gonif	variant	variant of goniff
gonof	variant	variant of goniff
gooky	obscure	slang for sticky or gooey
goosy	variant	variant of goosey
goral	obscure	Asian goat-antelope
gorsy	obscure	covered with gorse
gowan	proper-noun	Mostly a surname; Scots word for daisy
goxes	obscure	plural of gox, gaseous oxygen
goyim	offensive	Can be pejorative; used in antisemitic rhetoric
graal	archaic	Archaic word for the Grail
grama	obscure	Type of prairie grass; unfamiliar to most
grana	proper-noun	Mostly Grana Padano cheese
grapy	variant	variant of grapey
greek	proper-noun	demonym/language Greek
grego	obscure	Short hooded cloak
gride	obscure	to grate harshly
griff	proper-noun	mostly the first name Griff; slang sense is rare
griot	obscure	West African oral historian
gript	archaic	old past tense of grip
gripy	obscure	causing gripes
grith	archaic	Old English sanctuary
groat	archaic	Archaic coin
grosz	obscure	Polish coin
grume	obscure	viscous fluid
guaco	obscure	tropical vine
guiro	obscure	Latin American percussion instrument
gular	obscure	Relating to the throat
gules	obscure	Heraldry term for red
gulfy	obscure	full of whirlpools
gulpy	obscure	marked by gulping
gumma	obscure	Syphilitic tumour
gurge	obscure	to swirl
gurry	obscure	Fish offal
gursh	obscure	variant of qursh, Saudi coin
gutta	obscure	architectural term; mostly from gutta-percha
guyot	obscure	Oceanography term; also a surname
gybed	variant	variant of jibed, sailing term
gypsy	offensive	Considered an ethnic slur by many Romani people
gyral	obscure	gyratory
gyred	obscure	whirled
gyron	obscure	heraldic triangle
gyrus	obscure	anatomical term for a brain ridge
gyved	archaic	old word for shackled
hacek	obscure	diacritical mark
hadal	obscure	Relating to ocean depths
haded	obscure	inclined from vertical
hadji	variant	Variant spelling of hajji
hadst	archaic	Archaic form of had
hafis	obscure	variant of hafiz
hafiz	proper-noun	mostly a personal name or title in names
haika	obscure	plural of haik
hajes	variant	plural of haj, variant of hajj
hajji	offensive	Used as an ethnic slur; the pilgrim sense is rare
hakim	proper-noun	Frequency from the name Hakim
haler	obscure	Czech coin
halid	variant	variant of halide
hallo	variant	Variant of hello
halma	obscure	Board game
hamal	obscure	Middle Eastern porter
hamza	proper-noun	Frequency from the first name Hamza
hance	proper-noun	Mostly a surname
hansa	proper-noun	Mostly the Hanseatic League or Hansa brands
hanse	proper-noun	Mostly the Hanseatic League
haole	obscure	Hawaiian term for outsider; can be derogatory
hapax	obscure	Word occurring only once
haply	archaic	Archaic word for perhaps
harry	proper-noun	frequency mostly from the name Harry; verb 'harry' is rare
haugh	obscure	Scots word for river meadow; also a surname
haulm	obscure	plant stems
haver	obscure	Scots word meaning to babble
hawse	obscure	Ship's bow area for anchor cables
hayer	obscure	One who makes hay
hazan	obscure	Jewish cantor; variant spelling
heath	proper-noun	Mostly the name Heath (Heath Ledger, Edward Heath)
heder	variant	Variant spelling of cheder
hedgy	obscure	full of hedges
heeze	obscure	Scots word for hoist
heigh	archaic	Archaic interjection
helio	obscure	mostly a prefix; standalone word unfamiliar
helot	obscure	Serf in ancient Sparta
helve	obscure	Handle of a tool
hemal	obscure	Relating to blood
hemic	obscure	relating to blood
hemin	obscure	Blood pigment compound
hempy	obscure	like hemp
henry	proper-noun	frequency mostly from the name Henry; unit of inductance is rare
herma	obscure	Classical pillar bust
herry	variant	Scottish variant of harry (to plunder)
heuch	obscure	Scots word for a crag
heugh	obscure	Scottish word for a cliff
hewer	archaic	Mostly in the archaic phrase hewers of wood
hexad	obscure	group of six
hexer	obscure	One who hexes
hexyl	obscure	Chemistry radical
hight	archaic	archaic word meaning named
hilar	obscure	Anatomy term
hillo	variant	variant of hallo
hilum	obscure	Scar on a seed
hilus	obscure	anatomical opening
hinny	obscure	Hybrid of stallion and donkey
hoagy	variant	Variant spelling of hoagie
hocus	obscure	rarely used outside the phrase hocus-pocus
hodad	obscure	surfing slang for a nonsurfer
hogan	proper-noun	Mostly the surname Hogan (Hulk Hogan); Navajo-dwelling sense rare
hoick	obscure	To lift abruptly
hoise	archaic	old form of hoist
hoked	obscure	faked or overdone
hokku	obscure	Japanese verse form
hollo	archaic	Old hunting call
homer	proper-noun	Mostly Homer Simpson / the poet Homer; home-run sense is minor
honan	proper-noun	Old spelling of the Chinese province Henan
honda	proper-noun	Mostly the Honda car brand; the lasso-eye sense is obscure
honky	offensive	Racial slur for white people
hoody	variant	variant spelling of hoodie
hooka	variant	Variant spelling of hookah
hooly	obscure	Scottish word for gently
horah	variant	variant of hora
horal	obscure	hourly
horny	offensive	Crude sexual slang; likely to upset students
horst	proper-noun	Frequency from the German first name Horst
hosel	obscure	socket of a golf club head
hosen	archaic	Old plural of hose
hotch	proper-noun	Mostly a TV character nickname or part of hotch-potch
houri	obscure	Beautiful maiden of paradise
howff	obscure	Scots word for a haunt
hoyle	proper-noun	mostly the surname Hoyle
hullo	variant	Less common spelling of hello
hurds	obscure	coarse flax fibres
hurly	obscure	Rare outside hurly-burly
hurst	proper-noun	Frequency from the surname/place names Hurst; common sense is archaic
huzza	archaic	old cheer (huzzah)
hying	archaic	present participle of hie
hyoid	obscure	Anatomical term for a throat bone
hypha	obscure	Fungal filament
hyrax	obscure	Small African mammal
hyson	obscure	Chinese green tea
iambi	obscure	plural of iambus
icker	obscure	Scots word for an ear of grain
ictic	obscure	relating to an ictus
ictus	obscure	Metrical stress; seizure
ihram	obscure	Garb of Muslim pilgrims
ileac	obscure	relating to the ileum
ileal	obscure	Relating to the ileum
ileum	obscure	Anatomy term
ileus	obscure	Intestinal obstruction
iliad	proper-noun	Frequency from Homer's Iliad
ilial	obscure	relating to the ilium
ilium	obscure	Anatomical term for the hip bone; also a name for Troy
imago	obscure	entomology term; unfamiliar to most
imaum	variant	variant of imam
imbed	variant	Variant spelling of embed
imide	obscure	Chemistry compound class
imido	obscure	chemical prefix-word
imine	obscure	Organic chemistry compound class
imino	obscure	Chemistry term
immix	archaic	old word meaning to mix in
imped	obscure	falconry: grafted feathers
inarm	archaic	old word meaning to embrace
inbye	obscure	Scots word for inward
incog	obscure	Short for incognito
incus	obscure	Middle-ear bone (the anvil)
indol	variant	Variant spelling of indole
indow	variant	variant of endow
indri	obscure	Madagascan lemur
indue	archaic	old form of endue
infra	obscure	Latin 'below' used in citations; not a standalone everyday word
ingle	obscure	old word for a hearth; unfamiliar to most
inion	obscure	anatomical point on the skull
inkle	obscure	Linen tape
inned	obscure	harvested
inter	proper-noun	frequency mostly from Inter Milan/Miami and inter- fragments
inurn	obscure	to put in an urn
invar	obscure	Iron-nickel alloy
iodic	obscure	chemistry adjective
iodid	variant	variant of iodide
iodin	variant	variant of iodine
irade	obscure	Ottoman decree
iring	obscure	Verb form of ire; rare
iroko	obscure	African hardwood tree
irone	obscure	aromatic oil
isled	obscure	placed on an isle
issei	obscure	Specialist term for first-generation Japanese immigrants
istle	obscure	plant fibre
ither	obscure	Scottish word for other
ixora	obscure	Tropical shrub
ixtle	variant	variant of istle
jabot	obscure	Ruffled neckwear
jacal	obscure	Mexican hut
jacky	proper-noun	Frequency from the first name Jacky
jager	proper-noun	mostly Jagermeister brand and surname Jager
jagra	variant	variant of jaggery
jalap	obscure	Mexican plant purgative
jalop	variant	variant of jalap
jambe	variant	Variant spelling of jamb
janty	variant	variant of jaunty
japan	proper-noun	frequency mostly from the country Japan
japer	obscure	one who japes
jawan	proper-noun	Mostly the film Jawan; Hindi for soldier
jebel	proper-noun	mostly Arabic place names
jehad	variant	Variant spelling of jihad
jemmy	variant	British variant of jimmy
jenny	proper-noun	Mostly the first name Jenny; female-donkey sense is rare
jerid	obscure	Turkish javelin
jerry	proper-noun	frequency mostly from the first name Jerry
jesse	proper-noun	frequency mostly from the first name Jesse
jeton	variant	variant of jetton
jewed	offensive	antisemitic slur verb
jiber	obscure	one who jibes
jihad	offensive	Religiously and politically charged; likely to upset students
jimmy	proper-noun	frequency mostly from the first name Jimmy, not the prying tool
jimpy	obscure	Scots word for neat or slender
jingo	archaic	Survives mainly in the oath by jingo
jinni	variant	Variant of jinn or genie
jivey	obscure	slang for jazzy
jnana	obscure	Hindu philosophy term
jocko	proper-noun	Mostly a nickname
jones	proper-noun	frequency mostly from the surname Jones; craving slang is rare
joram	proper-noun	Mostly the biblical name Joram
jorum	obscure	large drinking bowl
jotty	obscure	jotted down
joual	obscure	Quebec French dialect
jowar	obscure	Indian sorghum
jowed	obscure	tolled
joyed	archaic	Past tense of archaic verb joy
judas	proper-noun	Mostly Judas Iscariot; the common noun (traitor) is minor
jugal	obscure	Relating to the cheekbone
jugum	obscure	insect wing lobe
junco	obscure	Bird genus
junto	obscure	Rare word for a political faction
jupon	obscure	medieval tunic
jural	obscure	legal term relating to law or rights
jurat	obscure	Legal certificate on an affidavit
jurel	obscure	food fish
jutty	archaic	old form of jetty
kabab	variant	Variant spelling of kebab
kabar	proper-noun	Frequency mainly from the Ka-Bar knife brand
kabob	variant	Usually spelt kebab
kafir	offensive	Religious slur; also a spelling of a South African ethnic slur
kaiak	variant	variant of kayak
kalam	proper-noun	mostly A. P. J. Abdul Kalam and other names
kalif	variant	Variant spelling of caliph
kalpa	obscure	Hindu cosmology term
kamik	obscure	Inuit sealskin boot
karoo	proper-noun	Frequency mainly from the Karoo region of South Africa
kasha	obscure	Buckwheat porridge
kauri	obscure	Tree species
kaury	variant	variant of kauri
kebar	obscure	Scots word for a rafter
kebob	variant	variant of kebab
kedge	obscure	Small anchor
keeve	obscure	vat or tub
kelep	obscure	stinging ant
kelim	variant	variant of kilim
kelly	proper-noun	frequency mostly from the name Kelly; colour sense obscure
kelpy	variant	variant of kelpie
kenaf	obscure	Fibre plant
kench	obscure	Bin for salting fish
kerne	obscure	Irish foot soldier
kerry	proper-noun	Mostly the name Kerry / County Kerry; cattle-breed sense is rare
ketol	obscure	chemical compound
kevel	obscure	nautical belaying cleat
kevil	obscure	variant of kevel, nautical cleat
kexes	obscure	plural of kex, dry plant stalk
khadi	obscure	Indian handspun cloth
khaph	variant	variant of kaph, Hebrew letter
kheda	obscure	Elephant trap enclosure
kheth	variant	variant of heth, Hebrew letter
khoum	obscure	Mauritanian coin
kiang	obscure	Tibetan wild ass; mostly a name
kibbe	variant	Variant spelling of kibbeh
kibbi	variant	variant of kibbeh
kibei	obscure	Japanese-American educated in Japan
kibla	variant	variant of qibla
kilim	obscure	Woven rug
kilty	obscure	One who wears a kilt
kinin	obscure	biochemical polypeptide
kiter	obscure	One who kites
kithe	obscure	Scots word meaning to make known
klong	obscure	Thai canal
kloof	obscure	South African ravine
kluge	variant	Usually spelt kludge
knaur	obscure	knot on a tree
knave	archaic	survives mainly in old texts and card names
knosp	obscure	flower bud
knout	obscure	Russian flogging whip
knurl	obscure	Small ridge or bead
koine	obscure	Linguistics term
kopje	obscure	Small South African hill
koppa	obscure	archaic Greek letter
korai	obscure	plural of kore, Greek statue
korat	proper-noun	Frequency mainly from Korat, Thailand; also a cat breed
korun	obscure	plural of koruna, Czech currency
kotow	variant	variant of kowtow
kraal	obscure	South African enclosure
kraft	proper-noun	Mostly the Kraft food brand; the paper sense is minor
krait	obscure	Snake species
kraut	offensive	ethnic slur for Germans
kreep	obscure	Lunar rock type
kroon	obscure	Former Estonian currency
krubi	obscure	tropical plant
kukri	obscure	Nepalese curved knife
kulak	obscure	Historical Russian term
kumys	variant	variant of kumiss
kusso	obscure	variant of cusso, Abyssinian tree
kvass	obscure	Russian fermented drink
kyack	obscure	packsack
kylix	obscure	Ancient Greek cup
kyrie	proper-noun	Mostly Kyrie Irving; the liturgical sense is obscure
kythe	obscure	Scots word meaning to make known
laari	obscure	Maldivian coin
labra	obscure	Plural of labrum
lacey	proper-noun	Frequency mostly from the first name/surname Lacey; also a variant of lacy
laded	obscure	old past tense of lade, to load
laden	proper-noun	Frequency inflated by Osama bin Laden
lader	obscure	One who lades; rare
laevo	variant	variant of levo
lagan	proper-noun	Mostly the River Lagan
lahar	obscure	Volcanic mudflow
laich	obscure	Scottish word for low-lying
laigh	obscure	Scottish word for low
laird	proper-noun	Frequency largely from the surname Laird; Scots word for landowner
laith	proper-noun	Mostly an Arabic first name
laked	obscure	of blood: haemolysed
laker	proper-noun	Frequency from the LA Lakers
lamby	obscure	Lamb-like; rare
lamia	obscure	mythological creature; unfamiliar to most
lanai	proper-noun	mostly the Hawaiian island of Lanai
lance	proper-noun	Frequency mostly from the first name Lance (e.g. Lance Armstrong)
lapin	obscure	French for rabbit fur
laree	obscure	Old Persian coin
lares	obscure	Roman household gods
largo	proper-noun	Frequency mostly from Largo/Key Largo rather than the tempo marking
larum	archaic	old form of alarum
lased	obscure	functioned as a laser
lated	archaic	Old word for belated
laten	obscure	To make or become late
lathi	obscure	Indian stick
lathy	obscure	long and thin like a lath
lauan	obscure	Philippine timber
laura	proper-noun	frequency mostly from the first name Laura; monastery sense obscure
laved	archaic	literary word for washed
laver	proper-noun	mostly Rod Laver; the seaweed is little known
lawed	obscure	past of law as a verb
lawny	obscure	grassy
layed	variant	non-standard spelling of laid
lazar	proper-noun	Frequency from the name Lazar; leper sense is archaic
leady	obscure	like lead
leary	variant	Less common spelling of leery
leavy	archaic	Archaic form of leafy
leben	obscure	mostly German text; English sense unfamiliar
ledgy	obscure	having ledges
leger	variant	variant spelling of ledger
leges	obscure	Latin plural of lex (law)
lehua	obscure	Hawaiian flowering tree
leman	archaic	archaic word for a lover
lenes	obscure	plural of lenis, phonetics term
lenis	obscure	Phonetics: weakly articulated
lense	variant	Non-standard spelling of lens
lento	obscure	Musical tempo marking
leone	proper-noun	Mostly Sierra Leone; the currency sense is obscure
lepta	obscure	plural of lepton, Greek coin
letch	variant	Variant spelling of lech
lethe	proper-noun	The mythological river Lethe
levin	proper-noun	Mostly the surname Levin; the common word (lightning) is archaic
lewis	proper-noun	frequency mostly from the name Lewis; lifting-device sense obscure
lexes	obscure	plural of lex, law
lezzy	offensive	slur for a lesbian
liana	proper-noun	mostly the first name Liana; vine sense is rare
liane	proper-noun	Mostly a first name; the plant is usually spelt liana
liang	proper-noun	Frequency from the Chinese surname Liang, not the unit of weight
liard	obscure	Old French coin
liber	obscure	Latin/botanical term for inner bark
libra	proper-noun	Frequency from the zodiac sign Libra, not the Roman weight
libri	obscure	plural of obscure liber; mostly Italian/Latin text
lichi	variant	variant of lychee
licht	archaic	archaic/Scots form of light; mostly German text
liege	archaic	Feudal term surviving mainly in old texts
lieve	archaic	Archaic form of lief
ligan	obscure	variant of lagan, sunken cargo
liman	proper-noun	Mostly a surname or place name
limba	obscure	African hardwood tree
limbi	obscure	plural of limbus
limby	obscure	having many limbs
limen	obscure	Threshold of perception
limey	offensive	Derogatory nickname for British people
limpa	obscure	Swedish rye bread
linac	obscure	Physics acronym
lindy	proper-noun	Frequency mostly from the name Lindy rather than the dance
liney	variant	Variant spelling of liny
linga	obscure	Hindu symbol; usually lingam
lingy	obscure	covered with heather
linin	obscure	Cell nucleus network
linky	obscure	obscure word; web frequency from blog link lists
linum	obscure	Flax genus
lipin	obscure	Old term for a lipid
lirot	obscure	plural of lira, Israeli currency
lisle	proper-noun	mostly place and surname Lisle; the thread is rare
litai	obscure	plural of litas, Lithuanian currency
litas	obscure	Former Lithuanian currency
litho	obscure	Printing-trade shortening
livre	obscure	old French currency; mostly French text (book)
llano	proper-noun	Mostly Llano, Texas, or the Llano Estacado
lobar	obscure	Relating to a lobe
loden	obscure	Thick waterproof wool fabric
loess	obscure	geology term for wind-blown silt
logan	proper-noun	frequency mostly from the name Logan; rocking-stone sense obscure
loggy	obscure	sluggish
logia	obscure	Scholarly term for sayings
logoi	obscure	Plural of logos
longe	variant	Usually spelt lunge
looby	obscure	Clumsy, stupid person
looed	obscure	played the card game loo
looey	obscure	slang for lieutenant
loofa	variant	Variant spelling of loofah
looie	obscure	slang for lieutenant
loper	obscure	Rare word
loppy	obscure	hanging limply
loral	obscure	Zoology term
loran	obscure	Old navigation-system acronym; also a name
losel	archaic	old word for a worthless person
lotah	obscure	Indian water pot
lotic	obscure	Relating to flowing water
lotos	variant	Variant spelling of lotus
lotte	proper-noun	Frequency from the name/brand Lotte, not the monkfish
lough	proper-noun	Frequency from Irish place names (Lough Neagh etc.)
louie	proper-noun	Mostly the first name Louie; the common word is obscure
louis	proper-noun	frequency mostly from the name Louis / St. Louis; coin sense rare
loury	variant	Variant of lowery
lovat	proper-noun	Mostly Lord Lovat or the surname
lowse	obscure	Scots word for loose
loxed	obscure	loaded with liquid oxygen
ludic	obscure	Relating to play
luffa	variant	Variant spelling of loofah
luger	proper-noun	mostly the Luger pistol brand name
lunet	obscure	variant of lunette
lungi	obscure	South Asian garment
lupin	proper-noun	Frequency mostly from Lupin (Harry Potter, Arsene Lupin)
lusus	obscure	Freak of nature
lutea	obscure	Latin fragment, as in macula lutea
luted	obscure	sealed with lute, a clay cement
lyard	obscure	streaked with grey
lyart	obscure	streaked with grey
lyase	obscure	Biochemistry term
lycea	variant	rare Latin plural of lyceum
lycee	obscure	French secondary school
lynch	proper-noun	Mostly the surname Lynch (David Lynch, Merrill Lynch)
lysed	obscure	Biology term
lysin	obscure	biochemical antibody
lyssa	proper-noun	Mostly a first name
lytic	obscure	Biology term
lytta	obscure	worm-shaped cartilage in a dog's tongue
macer	obscure	Rare word for a mace-bearer
mache	obscure	rarely used outside the phrase papier-mache
macle	obscure	twin crystal
macon	proper-noun	Frequency from Macon, Georgia rather than the wine
mafic	obscure	Technical geology term
magot	obscure	Barbary ape
mahoe	obscure	tropical tree
maile	proper-noun	Mostly a Hawaiian first name
maill	obscure	Scots word for payment
maist	obscure	Scots word for most
makar	obscure	Scots word for poet
malar	obscure	Anatomical term for the cheek
malic	obscure	Chemistry term, as in malic acid
malmy	obscure	of chalky loam
mamey	obscure	Tropical fruit tree
mamie	proper-noun	mostly the first name Mamie
mamma	variant	Less common spelling of mama
mammy	offensive	associated with a racist stereotype
manus	obscure	Anatomical Latin for hand; frequency from names (Manus Island)
maqui	obscure	Chilean shrub
march	proper-noun	frequency mostly from the month name March, not the verb
marge	proper-noun	Frequency from the name Marge (The Simpsons); margin sense is archaic
maria	proper-noun	frequency mostly from the first name Maria; lunar-sea plural obscure
marly	obscure	geology term; frequency from place names
marse	variant	Southern US dialect form of master
marvy	obscure	Dated slang for marvellous
maser	obscure	Physics device acronym
mashy	obscure	old golf club (mashie)
mason	proper-noun	frequency mostly from the name Mason, not the stoneworker
massa	proper-noun	Frequency from surname Massa; common sense is slave-era dialect for master
masse	obscure	Billiards term; frequency comes from the phrase en masse
massy	archaic	Archaic form of massive; also a surname
mater	archaic	Dated slang for mother; mostly seen in 'alma mater'
matin	obscure	mostly French text; singular of matins is rare
matza	variant	Variant spelling of matzo
maund	obscure	Indian unit of weight
mavie	obscure	song thrush
mavin	variant	Variant spelling of maven
mavis	proper-noun	Frequency from the first name Mavis; thrush sense is archaic
mawed	obscure	mowed
mayan	proper-noun	Demonym (the Maya/Mayan people and language)
mayed	obscure	celebrated May Day
mayst	archaic	Old second-person form of may
mazed	archaic	old word for dazed
mazer	obscure	Drinking bowl
mbira	obscure	African thumb piano
meany	variant	variant spelling of meanie
mecca	proper-noun	Mostly the city of Mecca rather than the common noun
medii	obscure	Plural of medius, the middle finger
meiny	archaic	old word for a retinue
melic	obscure	relating to song or lyric poetry
menad	variant	variant of maenad
mensa	proper-noun	mostly the Mensa society
mense	obscure	Scottish word for dignity
menta	obscure	Mostly Spanish for mint
merde	offensive	French vulgarity
merer	obscure	comparative of mere
merle	proper-noun	Frequency from the first name Merle; blackbird sense is archaic
meshy	obscure	netlike
mesic	obscure	Ecology term
mesne	obscure	Legal term for intermediate
meson	obscure	Particle-physics term
metis	proper-noun	demonym for the Metis people
miaou	variant	variant of meow
miaow	variant	British variant of meow
miasm	variant	variant of miasma
miaul	obscure	to meow
miche	archaic	Archaic word meaning to skulk
micra	proper-noun	Mostly the Nissan Micra car
middy	obscure	Midshipman; sailor-style blouse
miffy	obscure	Easily offended; rare
mikra	obscure	plural of mikron
milch	archaic	Archaic word for giving milk
milia	obscure	Medical term
mille	obscure	French/Italian 'thousand'; not an everyday English word
milpa	obscure	Mesoamerican crop field
milty	obscure	full of milt
minae	obscure	Plural of mina, ancient unit
mincy	obscure	Affectedly dainty
mingy	obscure	British informal word for stingy
minim	obscure	British music note term
minny	proper-noun	Mostly a first name
mirex	obscure	insecticide name
mirky	variant	variant of murky
mirza	proper-noun	Frequency from the surname Mirza
misdo	archaic	old word meaning to do wrongly
mitis	obscure	Malleable iron
mixup	variant	Usually spelt mix-up
mizen	variant	Less common spelling of mizzen
modus	obscure	Standalone rare; frequency from modus operandi/vivendi
mohel	obscure	Person who performs Jewish circumcision
mohur	obscure	old gold coin of India
moira	proper-noun	Frequency from the first name Moira; Greek 'fate' sense is obscure
moire	obscure	Fabric or optical pattern
molal	obscure	chemistry: relating to molality
molly	proper-noun	Mostly the first name Molly; fish/drug senses are minor
molto	obscure	Italian musical term
momma	variant	Non-standard spelling of mama
momus	obscure	A carping critic
monas	obscure	Plural of mona, a monkey
monde	obscure	French 'world'; frequency from French text and Le Monde
mongo	proper-noun	mostly MongoDB; also derogatory slang
monie	obscure	Scots for many; also a name
monte	proper-noun	Mostly Monte Carlo / the name Monte; card-game sense is rare
moory	obscure	marshy
morae	obscure	plural of mora, a prosody unit
morro	proper-noun	mostly place names such as Morro Bay
morse	proper-noun	Mostly Morse code / Inspector Morse; the common word is obscure
mosso	obscure	Musical term: with motion
moste	archaic	Old past tense of mote
motet	obscure	Choral music term
motey	obscure	full of motes
motte	obscure	castle mound term; unfamiliar to most
mouch	variant	Variant spelling of mooch
mucid	obscure	musty or mouldy
mucin	obscure	Biochemistry term
mucor	obscure	Mould fungus
mucro	obscure	sharp point on a leaf
mudra	obscure	Sanskrit term for a hand gesture
muhly	obscure	Type of grass
mujik	variant	variant of muzhik
mulct	obscure	to fine or defraud
muled	obscure	past of mule as a verb
muley	obscure	US regional word for a hornless cow
mulla	variant	Variant spelling of mullah
mungo	proper-noun	mostly the name Mungo; wool sense is rare
mured	archaic	old word for walled in
murex	obscure	Shell genus
murid	obscure	Rodent of the mouse family; Sufi disciple
murra	obscure	Semiprecious stone
murre	obscure	Diving seabird
murry	proper-noun	Mostly a surname; the colour word is rare
musca	obscure	Latin for fly; a constellation name
mussy	obscure	Messy; rare
musth	obscure	Frenzied state of male elephants
mutch	obscure	Scots cap; mostly a surname or a misspelling
muton	obscure	genetic unit
muzzy	obscure	British slang for muddled
myoid	obscure	resembling muscle
myoma	obscure	Muscle tumour
myope	obscure	a myopic person
myopy	variant	variant of myopia
mysid	obscure	opossum shrimp
mythy	obscure	mythlike
nabis	obscure	Plural of nabi, a Post-Impressionist painter
nacre	obscure	Mother-of-pearl
naevi	variant	variant plural of nevus
naira	obscure	Nigerian currency; unfamiliar to most English speakers
naled	obscure	Insecticide
nance	offensive	Derogatory slur for an effeminate or gay man
nancy	proper-noun	frequency mostly from the first name Nancy
nappe	obscure	Geology term for a rock sheet
nares	obscure	Anatomical term for nostrils
naric	obscure	relating to the nostrils
naris	obscure	Nostril
nates	obscure	Anatomical term for buttocks
navar	obscure	Air navigation system
nawab	proper-noun	mostly a title within personal names
neath	archaic	Poetic form of beneath
negus	obscure	Ethiopian royal title or a mulled drink
neist	obscure	Scots word for next
nelly	proper-noun	Frequency from the name Nelly (singer, Nelly Furtado); petrel sense rare
nerol	obscure	fragrant alcohol
nerts	variant	slang variant of nuts
nertz	variant	slang variant of nuts
netop	obscure	old New England word for a friend
netty	obscure	Northern English dialect for a toilet
neume	obscure	medieval musical notation sign
nevus	obscure	Medical term
ngwee	obscure	Zambian coin
nicad	obscure	Nickel-cadmium battery
nicol	proper-noun	Frequency from the name Nicol, not the prism
nidal	proper-noun	Mostly a first name
nided	obscure	past of nide, to nest
nidus	obscure	Medical term
nieve	obscure	Rare; often a misspelling of naive
nihil	obscure	Latin for nothing
ninon	obscure	Sheer dress fabric
nisei	obscure	Specialist term for second-generation Japanese Americans
nisus	obscure	Rare word for effort
nitid	obscure	bright or lustrous
niton	obscure	Old name for radon
nival	obscure	Relating to snow
nixie	obscure	Water sprite; also a display tube
nizam	proper-noun	mostly the Nizam of Hyderabad and names
nobby	proper-noun	Mostly a nickname, e.g. Nobby Stiles
noddy	proper-noun	Mostly the children's character Noddy
nodus	obscure	Difficult point
noily	obscure	full of short fibres
nomen	obscure	Latin term for a name
nomoi	obscure	plural of nomos, law
nomos	obscure	Greek for law
nonce	offensive	UK slang for a sex offender; otherwise archaic
nonet	obscure	Group of nine musicians
nonyl	obscure	chemical radical
nooky	offensive	sexual slang
nopal	obscure	Prickly pear cactus
noria	obscure	Water wheel with buckets
nosey	variant	variant spelling of nosy
notal	obscure	relating to the back
notum	obscure	Insect back plate
noway	variant	Non-standard run-together form of no way
nubia	proper-noun	the region of Nubia
nucha	obscure	nape of the neck
nudzh	variant	variant of noodge
numen	obscure	Presiding divinity or spirit
nyala	obscure	African antelope
oakum	obscure	Loose fibre used for caulking
oater	obscure	slang for a western film
oaves	variant	less common plural of oaf
obeah	obscure	Caribbean folk magic
obeli	obscure	plural of obelus
objet	obscure	French, mostly in objet d'art
obole	variant	variant of obol
oboli	obscure	Plural of obolus
ocher	variant	Less common spelling of ochre
ochry	variant	variant of ochrey
ocker	obscure	Australian slang for a boorish person
ocrea	obscure	botanical sheath
octad	obscure	group of eight
octal	obscure	Computing term for base eight
octan	obscure	recurring every eighth day
octyl	obscure	Chemistry radical
oculi	obscure	Plural of oculus, a round window
odeon	proper-noun	mostly the Odeon cinema chain
odeum	obscure	ancient concert hall
odist	obscure	writer of odes
odyle	obscure	hypothetical vital force
ofter	archaic	Old comparative of oft
ogham	obscure	Ancient Irish alphabet
ogive	obscure	Pointed arch; cumulative frequency graph
ohmic	obscure	Physics term
oidia	obscure	plural of oidium, fungal spore
oiler	proper-noun	mostly the Oilers sports teams
oleic	obscure	Chemistry term, as in oleic acid
olein	obscure	chemical glyceride
oleum	obscure	Fuming sulphuric acid
omasa	obscure	plural of omasum
omber	variant	variant of ombre, card game
onery	variant	variant of ornery
onium	obscure	chemistry term for a cation type
ontic	obscure	Philosophy: having real existence
oorie	obscure	Scots word for gloomy
ootid	obscure	immature ovum
oping	archaic	Present participle of archaic ope
opsin	obscure	Retinal protein
orach	obscure	Plant
orang	obscure	mostly Malay/Indonesian text; rare short for orangutan
orcin	obscure	chemical compound
oread	obscure	Mountain nymph
orgic	obscure	relating to orgies
oribi	obscure	African antelope
oriel	obscure	type of bay window; frequency from Oriel College
orlop	obscure	lowest deck of a ship
ormer	obscure	Abalone
ornis	obscure	avifauna
orpin	variant	variant of orpine
orris	obscure	Iris root
ortho	obscure	Chemistry term; frequency from prefix use and brand names
osier	obscure	Willow used in basketry
osmic	obscure	relating to osmium
osmol	obscure	unit of osmotic pressure
ossia	obscure	Musical term for an alternative passage
ostia	proper-noun	mostly the ancient port of Ostia
ottar	variant	Variant spelling of attar
ouphe	archaic	old word for an elf
ourie	obscure	Scots word for gloomy
ousel	variant	variant of ouzel
outby	obscure	Scots word for outdoors
outgo	obscure	Expenditure
ouzel	obscure	Blackbird or dipper
ovoli	obscure	plural of ovolo
ovolo	obscure	Convex moulding
owsen	obscure	Scots plural of ox
oxeye	obscure	daisy-like plant
oxime	obscure	Chemistry compound class
oxlip	obscure	primrose hybrid
oxter	obscure	Scots word for armpit
pacha	variant	variant spelling of pasha
padle	obscure	hoe
padri	variant	Variant of padre
paeon	obscure	metrical foot in prosody
pagod	variant	variant of pagoda
paisa	obscure	South Asian currency unit
paise	obscure	Indian currency subunit
palea	obscure	Grass flower bract
palet	obscure	Botanical term for a bract
palmy	obscure	Prosperous, as in 'palmy days'
palpi	obscure	Zoology plural
pampa	proper-noun	Mostly La Pampa or Pampa, Texas; the usual word is pampas
pandy	obscure	Rare Scots word
panga	obscure	African machete
panne	obscure	Lustrous velvet fabric
papaw	variant	Variant spelling of pawpaw
pappi	obscure	Plural of pappus, a seed tuft
pardi	archaic	Archaic oath
pardy	archaic	Archaic oath
pareo	obscure	Wraparound skirt
pareu	obscure	Polynesian wraparound skirt
parge	obscure	to plaster
pargo	obscure	Species of fish
paris	proper-noun	frequency mostly from the city Paris
parle	archaic	Archaic word for parley
parol	obscure	Legal term; also a Filipino lantern
parve	variant	variant of pareve
paseo	obscure	mostly Spanish text and place names
pated	obscure	Having a pate
paten	obscure	Church plate
pater	archaic	dated word for father
patin	variant	Variant spelling of paten
pavan	obscure	Old court dance
pavid	obscure	timid
pavin	variant	Variant of pavane
pavis	obscure	Large shield
pawky	obscure	Scots word for shrewd
paxes	obscure	plural of pax
payed	variant	Non-standard past tense of pay (usually paid)
payor	variant	Variant spelling of payer
peage	obscure	toll
peaky	proper-noun	mostly from the TV series Peaky Blinders
peart	proper-noun	Mostly the surname Peart; the dialect word is rare
pease	archaic	Old form of peas
peavy	proper-noun	Mostly a surname; the tool is usually spelt peavey
pecky	obscure	Marked by decay
pedes	obscure	Latin anatomical plural
pedro	proper-noun	Mostly the first name Pedro; the card-game sense is obscure
peery	obscure	Inquisitive; rare
peise	obscure	to weigh
pekan	obscure	Fisher (animal)
pekin	proper-noun	mostly the place name Pekin/Peking
pelon	obscure	Hairless
penes	offensive	Plural of penis; likely to upset students
pengo	obscure	Former Hungarian currency
penis	offensive	sexual anatomy term; likely to embarrass or upset students in class
penna	obscure	Zoology term for a feather; also a surname
penni	obscure	Former Finnish coin
pepla	obscure	plural of peplum
perdu	obscure	French for lost
perdy	archaic	Old oath meaning certainly
perea	proper-noun	Mostly a surname or place name
perry	proper-noun	frequency mostly from the name Perry; pear cider sense is rare
perse	obscure	Mostly a fragment of per se; the colour sense is rare
peter	proper-noun	frequency mostly from the first name Peter, not 'peter out'
petit	variant	Legal variant of petty (petit jury); frequency mostly from French text/names
petti	obscure	Plural of petto
petto	obscure	Italian for breast, as in 'in petto'
pewee	obscure	Small North American flycatcher bird
pewit	variant	variant of peewit
phial	variant	Less common form of vial
phpht	obscure	interjection of annoyance
phyle	obscure	ancient Greek tribe
pibal	obscure	pilot balloon
pical	obscure	relating to pica
picot	obscure	lace-making term
picul	obscure	Asian unit of weight
pieta	proper-noun	Mostly Michelangelo's Pieta
pigmy	variant	Variant spelling of pygmy
piing	obscure	mixing printing type
pilar	proper-noun	Frequency from the Spanish name Pilar
pilau	variant	Variant of pilaf
pilaw	variant	variant of pilaf
pilea	obscure	Plural of pileum
pilei	obscure	plural of pileus
pilus	obscure	Hair-like bacterial structure
pingo	obscure	Arctic ice-cored mound
pinna	obscure	Anatomical term for the outer ear
pinon	obscure	Pine species; also spelt pinyon
pinta	proper-noun	Mostly Columbus's ship Pinta
pipal	obscure	Sacred fig tree
piper	proper-noun	Mostly the first name Piper; bagpiper sense is less frequent
pipet	variant	Variant spelling of pipette
pipit	obscure	Bird species
pirog	obscure	large Russian pie
pisco	obscure	Peruvian brandy; also a place name
piton	obscure	Climbing peg
pixes	obscure	plural of pix, a pyx
plack	obscure	Old Scottish coin
plage	obscure	French for beach
plash	obscure	Splash
plasm	variant	Variant of plasma
platy	obscure	Small aquarium fish
playa	obscure	Desert-basin sense little known; frequency from Spanish names and slang
plena	obscure	Plural of plenum
plica	obscure	Anatomical fold
plumy	obscure	feathery
plyer	variant	variant of plier
pocky	proper-noun	Mostly the Pocky snack brand
podgy	variant	British variant of pudgy
poesy	archaic	Old word for poetry
pogey	obscure	Canadian slang for welfare
poilu	obscure	French WWI soldier
poind	obscure	Scots legal: to seize goods
poler	obscure	one who poles
polis	obscure	Greek city-state; rarely used alone in English
pommy	offensive	Derogatory Australian slang for a Briton
ponce	offensive	British slur for a pimp or effeminate man
poofy	offensive	Evokes a homophobic slur in British English
poori	variant	Variant spelling of puri
poove	offensive	slur for a gay man
popsy	obscure	British slang for an attractive girl
porgy	proper-noun	Frequency mainly from Porgy and Bess
porno	offensive	Informal word for pornography; likely to upset students
porny	offensive	Slang for pornographic
potsy	obscure	regional name for hopscotch
potto	obscure	African primate
pouff	variant	variant of pouf
poult	obscure	Young fowl
poyou	obscure	armadillo
praam	variant	variant of pram, flat boat
prahu	variant	variant of proa
prang	obscure	British slang for a crash
prase	obscure	green quartz
prate	archaic	Old word for idle chatter
preed	obscure	Scots: tasted
presa	obscure	Musical term; mostly Spanish
prese	obscure	Plural of presa, a musical sign
prest	archaic	Archaic word for ready or a loan
prexy	obscure	Slang for a college president
prick	offensive	Common as a vulgar insult
pricy	variant	Less common spelling of pricey
prier	obscure	One who pries
prill	obscure	Small pellet
prima	obscure	Used almost only in 'prima donna' / 'prima facie'
primi	obscure	Plural of primo
prink	obscure	to primp or dress up
proem	obscure	Preface
proso	obscure	millet
pross	obscure	Slang for a prostitute
prost	proper-noun	mostly Alain Prost or German toast
prosy	obscure	dull or prosaic
pruta	obscure	Israeli coin
pryer	variant	Variant spelling of prier
pshaw	archaic	Archaic interjection
psoae	obscure	plural of psoas
psoai	obscure	plural of psoas
psoas	obscure	Anatomy term
pubes	offensive	slang for pubic hair; likely to embarrass students
pucka	variant	variant of pukka
pudic	obscure	relating to the pudendum
puggy	obscure	Pug-like; rare
pujah	variant	variant of puja
puled	archaic	old word for whimpered
puler	obscure	one who pules
pulik	obscure	plural of puli, dog breed
punka	variant	variant of punkah
punto	proper-noun	mostly the Fiat Punto car and Spanish text
punty	obscure	glassblowing rod
purda	variant	variant of purdah
purin	variant	Variant spelling of purine
pursy	obscure	short-winded, often from fatness
puses	obscure	rare plural of pus
puton	variant	unhyphenated spelling of put-on
putti	obscure	Art term for cherub figures
putto	obscure	Cherub in Renaissance art
pyoid	obscure	resembling pus
pyran	obscure	chemical compound
pyric	obscure	relating to burning
pyxes	obscure	plural of pyx
pyxie	obscure	evergreen shrub
pyxis	obscure	Small ancient lidded box
qanat	obscure	Underground water channel
quale	obscure	Philosophy term for a quality of experience
quare	variant	Dialect variant of queer
quass	variant	variant of kvass
quate	archaic	Old word for quiet
quean	archaic	old word for a hussy or prostitute
queer	offensive	Historically a slur; likely to upset some students
quern	obscure	Hand mill for grinding grain
quipu	obscure	Inca knotted-cord record
quire	obscure	Paper-trade measure; unfamiliar to most
quirt	obscure	Riding whip
quoin	obscure	Cornerstone; printing wedge
quoth	archaic	Archaic word for said
qursh	obscure	Saudi coin
rabat	proper-noun	mostly the capital of Morocco
rabic	obscure	relating to rabies
racon	obscure	radar beacon
radix	obscure	Technical maths term for a number base
ragee	variant	variant of ragi
rajah	variant	variant spelling of raja
rakee	variant	variant of raki
raker	obscure	Rare agent noun
ralph	proper-noun	frequency mostly from the first name Ralph; vomit slang is rare
ramee	variant	Variant spelling of ramie
ramet	obscure	botanical clone member
ramie	obscure	Asian fibre plant
rammy	obscure	Scottish word for a brawl
ramus	obscure	Anatomical term for a branch
rance	proper-noun	mostly a name; the marble sense is rare
randy	proper-noun	Mostly the first name Randy; the adjective is much rarer
ranee	variant	Variant spelling of rani
ranid	obscure	frog of the family Ranidae
raped	offensive	refers to sexual violence; likely to upset students
raper	offensive	refers to sexual assault; likely to upset students
raphe	obscure	Anatomy term
rared	variant	dialect variant of reared
rased	variant	variant of razed
raser	obscure	one who razes
ratal	obscure	rated value for taxation
ratan	variant	variant spelling of rattan
ratch	obscure	Ratchet
ratel	obscure	Honey badger
rathe	archaic	Old poetic word meaning early
ravin	archaic	Archaic word for prey
rawin	obscure	wind measurement by radar
raxed	obscure	Scots: stretched
raxes	obscure	Scots: stretches
rayah	obscure	non-Muslim subject in Ottoman Empire
razee	obscure	ship cut down by one deck
razer	proper-noun	Frequency from the Razer brand
reata	variant	Variant spelling of riata
reave	archaic	Old word meaning to plunder
rebbe	obscure	Yiddish word for rabbi; unfamiliar to most
rebec	obscure	Medieval stringed instrument
rebop	variant	variant of bebop
recce	obscure	British military slang for reconnaissance
recti	obscure	Plural of rectus muscle
recto	obscure	Publishing term for a right-hand page
redan	obscure	V-shaped fortification
reded	archaic	past of rede, to advise
redia	obscure	larval flatworm stage
redon	obscure	To don again; rare verb
reefy	obscure	full of reefs
reeky	obscure	smoky
reest	obscure	Scots word for to balk
reeve	proper-noun	Frequency from the surname Reeve; official sense is archaic
refel	archaic	old word meaning to refute
reges	obscure	Plural of rex
regma	obscure	botanical dry fruit
regna	obscure	Plural of regnum
reive	variant	variant of reave
reman	obscure	Rare verb meaning to staff again
remex	obscure	flight feather
renig	variant	variant of renege
renin	obscure	Biochemistry term
rente	obscure	annual income
repin	proper-noun	Mostly the painter Repin or Pinterest jargon
resid	obscure	Residual oil
retem	obscure	desert shrub
retia	obscure	plural of rete
revet	obscure	to face with masonry
rewan	archaic	old past tense of rewin
rexes	obscure	Plural of rex, a rabbit or cat variety
rheum	obscure	Watery bodily discharge; rare outside literary or medical use
rhomb	variant	Variant of rhombus
rhumb	obscure	Navigation compass line
rhyta	obscure	plural of rhyton
riant	obscure	Cheerful
riata	obscure	Lariat
ribby	obscure	Showing ribs
ribes	obscure	Botanical genus
riley	proper-noun	Mostly the name Riley; common sense (angry, as in riled) is rare
rille	obscure	Lunar valley
rimed	variant	variant spelling of rhymed
rimer	variant	Variant spelling of rhymer
rioja	proper-noun	the Spanish wine region La Rioja
riped	archaic	Old past tense of ripe
rishi	proper-noun	frequency mostly from the name Rishi (e.g. Rishi Sunak)
risus	obscure	Grin or laugh (medical Latin)
rived	archaic	Old past tense of rive
robin	proper-noun	frequency mostly from the name Robin (Hood, Williams), not the bird
roble	obscure	Oak tree of California and Latin America
roger	proper-noun	frequency mostly from the first name Roger, not 'roger that'
roily	obscure	muddy or turbid
roman	proper-noun	demonym Roman (Rome); lowercase type sense is minor
romeo	proper-noun	Mostly Romeo of Romeo and Juliet / the first name
rooky	variant	Variant spelling of rookie
roose	obscure	Scots word for praise; unfamiliar to most
rooty	obscure	Rare adjective
roper	proper-noun	Frequency from the surname Roper
roque	proper-noun	mostly the name Roque; croquet sense is rare
rosed	obscure	made rosy
roset	obscure	Scottish word for resin
rotch	obscure	Little auk seabird
rotte	obscure	medieval stringed instrument
rouen	proper-noun	Frequency from the French city of Rouen
rouge	proper-noun	Mostly Baton Rouge / Moulin Rouge / Khmer Rouge; makeup sense minor
roupy	obscure	hoarse
routh	proper-noun	Mostly a surname
roven	obscure	Past participle of reeve; rare
rowan	proper-noun	Mostly the name Rowan (Rowan Atkinson); the tree is less frequent
rowel	obscure	Spiked wheel on a spur
rowen	proper-noun	Mostly a first name
rowth	obscure	Scots word for abundance
ruana	obscure	Colombian woollen poncho
rubus	obscure	Botanical genus
ruche	obscure	Pleated fabric trim
ruffe	obscure	small European perch
rugae	obscure	Anatomical folds or ridges
rugal	obscure	Relating to rugae
rumen	obscure	zoology term for a stomach chamber
rushy	obscure	Full of rushes
rutin	obscure	Plant flavonoid compound
ryked	obscure	Scots: reached
sabed	obscure	past of sabe, slang for know
sabin	proper-noun	mostly the surname Sabin (Sabin vaccine)
sabir	proper-noun	Mostly a first name
sabot	obscure	Wooden shoe; technical ammunition term
sabra	proper-noun	mostly Sabra brand and Sabra (Lebanon) place name
sadhe	variant	variant of sade, Hebrew letter
sadhu	obscure	Hindu holy man
sager	proper-noun	mostly the surname Sager; comparative is rarely used
sagum	obscure	Roman military cloak
saice	variant	variant of syce
saiga	obscure	Antelope species
saith	archaic	Archaic third-person form of say
sajou	obscure	capuchin monkey
saker	obscure	Falcon species
salal	obscure	Pacific coast shrub
salep	obscure	Orchid-root starch
salic	proper-noun	Mostly the Salic law
sally	proper-noun	Mostly the first name Sally; the common word (a sortie) is rare
salmi	obscure	Game ragout
salol	obscure	chemical compound
salpa	obscure	Marine animal
sambo	offensive	racial slur
samek	obscure	Hebrew letter
saned	obscure	past of sane as a verb
sanga	obscure	Australian slang for a sandwich
sangh	obscure	Hindi term for an association; unfamiliar to most
santo	proper-noun	Mostly from place and personal names; common word is obscure
sapid	obscure	flavourful
sapor	obscure	flavour or taste
saran	proper-noun	mostly Saran Wrap brand and personal names
saree	variant	variant spelling of sari
sarod	obscure	Indian lute
saros	obscure	Astronomy term
sasin	obscure	Indian blackbuck antelope
satem	obscure	Linguistics term
sauch	variant	variant of saugh
saugh	obscure	Scots word for a willow
sault	proper-noun	mostly from Sault Ste. Marie place names
saury	obscure	Species of fish
savin	obscure	a juniper shrub; unfamiliar to most
savoy	proper-noun	Frequency from Savoy (region, hotel) rather than the cabbage
sayer	proper-noun	mostly the surname Sayer
sayid	proper-noun	Mostly a first name or title
sayst	archaic	old second-person form of say
scall	obscure	scaly skin disease
scape	obscure	botanical/archaic term; mostly seen only as a suffix
scarp	obscure	Technical geology term for an escarpment
scart	obscure	Scottish dialect for scratch
scatt	obscure	old Scandinavian tax
scaup	obscure	Species of diving duck
scaur	variant	variant of scar, a cliff
scena	obscure	Scene in an opera
scend	obscure	nautical: to heave upward
schav	obscure	sorrel soup
schul	variant	Variant spelling of shul
scrag	obscure	Scrawny neck of mutton
scrod	obscure	Young cod
scudi	obscure	Plural of scudo, old Italian coin
scudo	obscure	Old Italian coin
sculk	variant	variant of skulk
sculp	obscure	To sculpt
scurf	obscure	Scaly skin flakes
scuta	obscure	plural of scutum
scute	obscure	Bony external plate or scale
secco	obscure	Painting on dry plaster
sedgy	obscure	full of sedge
sedum	obscure	Plant genus
seely	archaic	Archaic word for happy or blessed
segni	obscure	Plural of segno
segno	obscure	Musical repeat sign
seine	proper-noun	Frequency from the river Seine, not the fishing net
seise	variant	legal variant of seize
seism	obscure	earthquake
selah	archaic	biblical term surviving in old texts
selle	obscure	Rare word for a saddle
selva	obscure	Spanish term for rainforest
sengi	obscure	Elephant shrew
senna	proper-noun	Frequency mostly from Ayrton Senna rather than the plant
sensa	obscure	Plural of sensum (sense datum)
sente	obscure	Lesotho monetary unit
senti	obscure	Plural of sent, former Estonian coin
sepic	obscure	relating to sepia
sepoy	obscure	Historical term for an Indian soldier
serac	obscure	glacial ice pinnacle
serai	obscure	Caravanserai; an Eastern inn
seral	obscure	Ecology term for successional stage
sered	variant	past of sere, variant of seared
serer	obscure	Comparative of sere
serge	proper-noun	Frequency mostly from the first name Serge rather than the fabric
serin	obscure	Small European finch
serow	obscure	Asian goat-antelope
serry	obscure	To crowd together; rare
setae	obscure	Biology term for bristles
setal	obscure	relating to setae
seton	proper-noun	Frequency from the name Seton (Seton Hall)
sewan	variant	variant of seawan, wampum
sewar	obscure	Malay dagger
sexto	obscure	Book size
shako	obscure	Tall military hat
shalt	archaic	Archaic form of shall (thou shalt)
shaly	obscure	Resembling shale
sharn	obscure	Scottish word for dung
shaul	proper-noun	Mostly a Hebrew first name
shawm	obscure	Medieval woodwind instrument
shawn	proper-noun	Mostly the first name Shawn; the common word is obscure
sheal	obscure	Scots word for a hut
sheen	proper-noun	Mostly Charlie / Martin / Michael Sheen rather than 'a shine'
shend	archaic	old word meaning to disgrace
shent	archaic	old past tense of shend
sheol	obscure	Hebrew term for the underworld
sherd	variant	Variant of shard
shewn	archaic	Old spelling of shown
shiel	obscure	Scots word for a hut; also a surname
shier	variant	Less common spelling of shyer
shily	variant	variant of shyly
shirr	obscure	to gather fabric or bake eggs
shist	variant	variant of schist
shiva	proper-noun	Mostly the Hindu god Shiva; Jewish mourning sense is minor
shive	obscure	Thin flat cork; a slice
shlep	variant	variant of schlep
shoat	obscure	young weaned pig
shoji	obscure	Japanese paper screen; unfamiliar to most
shool	obscure	Dialect word for shovel or beg
shoon	archaic	Old plural of shoe
shorl	variant	variant of schorl
shote	variant	variant of shoat
shott	variant	Variant of chott
shoyu	obscure	Japanese soy sauce
shtik	variant	variant of shtick
shuln	obscure	plural of shul, synagogue
shute	proper-noun	mostly the surname Shute
sieur	archaic	Archaic French title
siker	obscure	Scots word for secure
silex	obscure	Rare word for silica; also a brand
silva	proper-noun	Mostly the surname Silva; the common word (sylva) is obscure
simar	obscure	Woman's loose robe
siped	obscure	seeped
sirra	archaic	old form of address (sirrah)
sirup	variant	Variant spelling of syrup
situp	variant	unhyphenated spelling of sit-up
situs	obscure	Latin legal term
siver	obscure	Rare word
sixmo	obscure	paper size
sixte	obscure	fencing parry
sizar	obscure	Cambridge student with an allowance
skald	obscure	Old Norse poet
skean	obscure	Gaelic dagger
skeed	variant	past of skee, variant of ski
skeen	obscure	Rare word; also a name
skelm	obscure	scoundrel
skelp	obscure	Scottish word for slap
skene	obscure	Theatre term or Scots dagger
skiey	variant	variant of skyey
skimo	offensive	derogatory clipping of Eskimo
skirl	obscure	Shrill sound of bagpipes
skirr	obscure	to move rapidly
skite	obscure	to dart or boast
skoal	proper-noun	Mostly the Skoal tobacco brand
skyed	obscure	hit high into the air
skyey	obscure	sky-like
slank	archaic	Old past tense of slink
slave	offensive	evokes slavery; likely to upset students as a puzzle answer
slier	variant	less common spelling of slyer
slily	variant	variant of slyly
slipe	obscure	to peel
slipt	archaic	old past tense of slip
sloid	variant	variant of sloyd
slojd	variant	variant of sloyd
sloyd	obscure	Swedish woodwork training
slued	variant	variant of slewed
sluff	variant	variant of slough
slurb	obscure	sprawling suburb
slype	obscure	covered passage in a cathedral
smalt	obscure	blue glass pigment
smaze	obscure	smoke and haze
smeek	obscure	Scots word for smoke
smerk	variant	variant of smirk
smith	proper-noun	frequency mostly from the surname Smith
smolt	obscure	Young salmon
smote	archaic	archaic past tense of smite
snash	obscure	Scots word for insolence
snath	obscure	scythe handle
sneap	archaic	old word meaning to rebuke
sneck	obscure	Scots word for a latch
snell	proper-noun	Frequency from the surname Snell (Snell's law)
snool	obscure	Scots word meaning to cringe
soave	proper-noun	Italian wine named after the town of Soave
socko	obscure	Slang for sensationally successful
socle	obscure	Architectural plinth
soddy	obscure	US regional word for a sod house
sodic	obscure	Relating to sodium
sodom	proper-noun	Frequency from the biblical city Sodom
sofar	obscure	Mostly a fragment of so far
softa	obscure	Muslim theology student
sokol	proper-noun	Mostly the Czech Sokol movement or a surname
solan	proper-noun	Mostly Solan, a town in India
soldi	obscure	Plural of soldo, old Italian coin
soldo	obscure	Old Italian coin
solei	obscure	plural of soleus
solon	proper-noun	mostly the Athenian Solon or place names
solum	obscure	Upper layer of soil
solus	obscure	Latin stage direction; unfamiliar to most
sonde	obscure	Atmospheric probe
sonly	obscure	like a son
sonny	proper-noun	Mostly the first name Sonny; the form of address is minor
sonsy	obscure	Scots word for buxom
sooey	obscure	hog-calling cry
sooth	archaic	archaic word for truth
sophy	archaic	Archaic title of the Shah of Persia
sopor	obscure	Deep sleep
sorel	variant	variant spelling of sorrel
sorgo	obscure	sweet sorghum
sorus	obscure	spore cluster on a fern
sotol	obscure	desert plant
sough	obscure	Murmuring sound of wind
sowar	obscure	Indian cavalryman
soyuz	proper-noun	Name of the Soviet/Russian spacecraft
sozin	obscure	Protein
spacy	variant	Variant spelling of spacey
spado	obscure	castrated animal
spaed	obscure	Scots: foretold
spahi	obscure	Ottoman cavalryman
spail	obscure	Scots word for a splinter
spait	variant	variant of spate
spake	archaic	archaic past tense of speak
spale	obscure	Scots word for a splinter
spall	obscure	Technical term for a stone chip
spang	obscure	Dialect adverb
spean	obscure	Scottish word meaning to wean
speel	obscure	Scottish word for climb
speer	proper-noun	mostly the surname Speer; common word is rare
speil	variant	variant of spiel
speir	obscure	Scottish word for ask
spica	proper-noun	mostly the star Spica
spier	obscure	Rare agent noun
spile	obscure	Wooden spigot
spirt	variant	Variant spelling of spurt
spiry	obscure	tapering like a spire
spode	proper-noun	Mostly the Spode pottery brand
spoor	obscure	Hunting term for animal tracks
sprag	obscure	Stick for chocking wheels
sprit	obscure	Nautical spar
sprue	obscure	Casting or medical term
sprug	obscure	sparrow
spued	variant	variant of spewed
spumy	obscure	foamy
sputa	obscure	plural of sputum
squaw	offensive	ethnic slur for Native American women
squeg	obscure	to oscillate irregularly
stade	obscure	ancient unit of length; mostly French for stadium
stagy	variant	Variant spelling of stagey
staig	obscure	Scots word for a young horse
stane	obscure	Scots for stone
stang	archaic	archaic past tense of sting
steek	obscure	Scottish word meaning to shut
stein	proper-noun	Mostly the surname Stein; the beer-mug sense is less frequent
stela	obscure	Archaeology term for a stone slab
stere	obscure	Cubic metre
stich	obscure	Prosody term for a line of verse
stied	obscure	past of sty, to pen
stime	obscure	Scots word for a glimmer
stimy	variant	variant of stymie
stipe	obscure	botanical term for a stalk; unfamiliar to most
stirk	obscure	Young cow or bullock
stirp	obscure	lineage
stoae	obscure	plural of stoa
stoai	obscure	plural of stoa
stogy	variant	variant of stogie
stook	obscure	Stack of sheaves
stope	obscure	Mining excavation
stopt	archaic	Old past tense of stop
stoss	obscure	Geology: facing a glacier
stoup	obscure	Holy water basin
stour	proper-noun	Mostly the River Stour; the Scots word is rare
stowp	variant	variant of stoup
stria	obscure	Thin line or groove
strow	archaic	old form of strew
stroy	archaic	Old word for destroy
stull	obscure	Mining term
stupe	obscure	medicated hot compress
sturt	proper-noun	mostly the surname Sturt (Charles Sturt, place names)
styed	obscure	past of sty, to pen
stymy	variant	variant of stymie
subah	obscure	Province of the Mughal empire
suber	obscure	Botanical term for cork tissue
sucre	proper-noun	mostly the Bolivian city or French text
sudor	obscure	sweat
suety	obscure	like suet
suint	obscure	natural grease in wool
sulci	obscure	Plural of sulcus, a groove in the brain
sulfa	obscure	Pharmacology term
sulfo	obscure	Chemistry term
summa	obscure	Frequency from summa cum laude; standalone sense rare
sunna	obscure	Islamic term for tradition
supra	obscure	Latin 'above' used in citations; frequency boosted by brand names
surah	obscure	Quran chapter or silk fabric; unfamiliar to most
sural	obscure	Relating to the calf of the leg
surfy	obscure	Abounding in surf
surgy	obscure	surging
surra	obscure	Livestock disease
sutta	obscure	Buddhist scripture
swage	obscure	Metalworking tool
swail	variant	Variant spelling of swale
swain	archaic	Poetic/old word for a suitor or country youth
swale	obscure	Technical landscape term
swamy	variant	variant spelling of swami
swang	archaic	Old past tense of swing
sward	archaic	Literary word for turf
sware	archaic	Archaic past tense of swear
swarf	obscure	Metal filings from machining
swart	archaic	Archaic word for swarthy
swede	proper-noun	Frequency mostly from the demonym Swede rather than the vegetable
sweer	obscure	Scots word for reluctant
swink	archaic	Old word for toil
swiss	proper-noun	demonym Swiss; fabric sense obscure
swith	archaic	Old word meaning quickly
swive	archaic	old vulgar word for copulate
swoun	archaic	old form of swoon
sycee	obscure	Chinese silver ingot
sylva	obscure	Rare word for forest trees; also a name
synch	variant	variant spelling of sync
syren	variant	Old spelling of siren
sysop	obscure	System operator (computing jargon)
taber	proper-noun	mostly the surname Taber; variant of tabor
tabes	obscure	Medical wasting disease
tabid	obscure	Wasted by disease
tabor	proper-noun	Frequency from Mount Tabor/surname; drum sense is archaic
tabun	obscure	Nerve gas
tacet	obscure	musical direction for silence
tafia	obscure	cheap rum
tajes	obscure	plural of taj, tall cap
takin	obscure	Rare goat-antelope; frequency from the contraction takin'
talar	obscure	Ankle-length robe
taler	variant	Variant spelling of thaler
taluk	obscure	Indian administrative division
tamal	variant	Variant of tamale
tamis	obscure	Strainer cloth
tammy	proper-noun	Mostly the first name Tammy; the fabric sense is obscure
tanka	obscure	Japanese verse form
tansy	obscure	Herb; unfamiliar to most
tanto	obscure	Italian/musical term; unfamiliar to most
tapis	obscure	Tapestry; 'on the tapis' idiom
tardo	obscure	musical direction: slow
tared	obscure	weighed a container
targe	archaic	Old word for a small round shield
taroc	variant	variant of tarok
tarok	obscure	Card game
tarre	archaic	old word meaning to urge on
tarsi	obscure	Anatomical plural
tasse	obscure	Armour for the thigh
tatar	proper-noun	Frequency from the Tatar people (demonym)
tawed	obscure	made into leather
tawer	obscure	one who taws leather
tawie	obscure	Scots word for docile
tawse	obscure	Leather strap for punishment
taxus	obscure	Yew genus name
tazza	obscure	Shallow ornamental cup
tazze	obscure	plural of tazza
techy	variant	Usually spelt techie
tecta	obscure	Plural of tectum
tegua	obscure	sandal
teiid	obscure	tropical lizard
teind	obscure	Scots word for a tithe
telae	obscure	plural of tela
telia	obscure	Plural of telium, a fungal spore structure
telic	obscure	Directed towards a goal
teloi	obscure	plural of telos
telos	obscure	philosophy jargon for an end or purpose
tench	obscure	Freshwater fish; also a surname
tenia	variant	Variant spelling of taenia
tenty	obscure	Scots word for watchful
tepal	obscure	botanical floral segment
tepoy	obscure	small table
terai	proper-noun	Mostly the Terai region of Nepal and India
terce	obscure	Canonical hour
terga	obscure	plural of tergum, insect plate
terne	obscure	lead-tin alloy
terry	proper-noun	frequency mostly from the first name Terry, not terry cloth
tesla	proper-noun	Mostly Tesla the brand / Nikola Tesla; SI-unit sense is minor
testa	obscure	botanical seed coat; mostly Italian text and names
teuch	obscure	Scots word for tough
teugh	obscure	Scots word for tough
tewed	obscure	worked hard
texas	proper-noun	frequency mostly from the US state Texas
thack	obscure	Scottish word for thatch
thane	archaic	Old Scottish/Anglo-Saxon noble title
tharm	obscure	intestine
thebe	obscure	Botswana monetary unit
theca	obscure	Sheath or case in anatomy
thegn	variant	Variant spelling of thane
thein	obscure	variant of theine; mostly typos of then/their
thewy	obscure	muscular
thill	obscure	Shaft of a horse-drawn cart
thine	archaic	Archaic possessive pronoun (thy/yours)
thiol	obscure	Chemistry term
thirl	obscure	to pierce or thrill
thole	obscure	Nautical pin
thoro	variant	Variant spelling of thorough
thorp	archaic	archaic word for a village; survives in place names
thraw	obscure	Scots word meaning to twist
thrip	obscure	back-formation from thrips insect
thuja	obscure	Arborvitae tree genus
thurl	obscure	Hip joint of cattle
thuya	variant	variant of thuja
thymi	obscure	plural of thymus
thymy	variant	variant of thymey
tical	obscure	Old Thai currency
tigon	variant	variant of tiglon
tilak	proper-noun	mostly the surname Tilak
tilth	obscure	Cultivated state of soil
tinct	archaic	old word for tint or tinge
tinea	obscure	Medical term for ringworm
tined	obscure	Having tines
titer	obscure	Laboratory term
titre	obscure	Laboratory term
titty	offensive	Vulgar slang for a breast
toffy	variant	variant of toffee
togae	variant	rare Latin plural of toga
togue	obscure	lake trout
toile	obscure	Fabric pattern
tokay	proper-noun	Mostly the Tokaj wine region; also a gecko
tolan	obscure	Chemistry term
toled	obscure	past of tole, to lure
tolyl	obscure	chemical radical
toman	obscure	Iranian currency
tommy	proper-noun	frequency mostly from the first name Tommy
tondi	obscure	plural of tondo
tondo	obscure	Circular painting; also a Manila district
toney	proper-noun	Mostly a surname or first name; the common word is spelt tony
tonga	proper-noun	Frequency from the country Tonga, not the carriage
tonus	obscure	Muscle tone
toped	archaic	old word for drank heavily
topee	variant	variant of topi, sun helmet
toper	obscure	Drunkard
tophe	obscure	variant of tophus
tophi	obscure	medical plural of tophus
topoi	obscure	Plural of topos, a literary theme
topos	obscure	Literary-theory term
torah	proper-noun	Mostly the name of the Jewish scripture
toric	obscure	Optics term
torii	obscure	Japanese shrine gate
torot	obscure	plural of torah
torse	obscure	heraldic wreath
torsi	variant	rare plural of torso
torsk	obscure	codlike fish
touse	obscure	To tousle
towie	proper-noun	Mostly the TV show TOWIE; rare otherwise
towny	variant	Variant spelling of townie
toyer	obscure	one who toys
toyon	obscure	Californian shrub
tragi	obscure	Plural of tragus, part of the outer ear
traik	obscure	Scots word meaning to trudge
trank	variant	Slang variant of tranq (tranquilliser)
trapt	archaic	Old past tense of trap
trass	obscure	volcanic rock
trave	obscure	Rare architecture term
treen	obscure	Small wooden household objects
trews	obscure	Scots tartan trousers
triac	obscure	Electronic semiconductor switch
trier	proper-noun	Frequency largely from the German city of Trier
trigo	obscure	Spanish word for wheat
trine	obscure	astrological term; unfamiliar to most
triol	obscure	Chemistry compound
troak	obscure	variant of troke
trock	obscure	variant of troke
trode	archaic	old past tense of tread
troke	obscure	Scots word meaning to barter
trona	obscure	Mineral source of sodium carbonate
trone	obscure	Weighing machine
trooz	obscure	variant of trews
troth	archaic	Archaic word for a pledge
trull	archaic	Old word for a prostitute
trump	proper-noun	frequency mostly from Donald Trump, not the card-game sense
tryma	obscure	botanical nut
tsade	variant	variant of sade, Hebrew letter
tsadi	variant	variant of sade, Hebrew letter
tsked	obscure	uttered tsk
tsuba	obscure	Japanese sword guard
tubae	variant	rare Latin plural of tuba
tumid	obscure	Swollen
tunny	archaic	Old word for tuna
tupik	obscure	Inuit tent
tuque	obscure	Canadian knitted cap
tutti	obscure	musical term; mostly a fragment of tutti-frutti
tutty	obscure	Impure zinc oxide
tuyer	variant	variant of tuyere
twain	proper-noun	Mostly Mark Twain / Shania Twain; the common word is archaic
twier	variant	variant of tuyere
twiny	obscure	resembling twine
twirp	variant	Variant spelling of twerp
twixt	archaic	Archaic form of betwixt
twyer	variant	variant of tuyere
tyned	obscure	lost
typal	obscure	typical
typey	obscure	of livestock: true to type
typic	obscure	Typical; rare
tythe	variant	variant of tithe
uhlan	obscure	Lancer cavalryman
ukase	obscure	Tsarist edict
ulama	obscure	Arabic term for Muslim scholars
ulema	obscure	Arabic term for Muslim scholars
ulnad	obscure	toward the ulna
ulpan	obscure	Hebrew language school
umbel	obscure	Umbrella-shaped flower cluster
umiac	variant	variant of umiak
umiak	obscure	Inuit open boat
umiaq	variant	variant of umiak
umped	obscure	slang for umpired
unapt	variant	less common form of inapt
unarm	archaic	old word meaning to disarm
unary	obscure	Maths term
unbid	archaic	old form of unbidden
uncia	obscure	Roman twelfth part
uncoy	obscure	not coy
uncus	obscure	Hook-shaped part
undee	obscure	heraldic: wavy
ungot	archaic	old form of ungotten
unhat	obscure	to take off one's hat
unlay	obscure	to untwist a rope
unmew	archaic	old word meaning to release
unsex	obscure	To deprive of sex; Shakespearean
unwit	archaic	old word meaning to make insane
upbow	obscure	violin bowing stroke
upbye	obscure	Scots word for a little further
updry	obscure	to dry up
uraei	obscure	plural of uraeus
urare	variant	variant of curare
urari	variant	variant of curare
urase	variant	variant of urease
urate	obscure	Biochemistry term
urbia	obscure	cities collectively
ureal	obscure	relating to urea
uredo	obscure	skin irritation
ureic	obscure	relating to urea
urial	obscure	wild Asian sheep
ursae	obscure	Plural of ursa
usnea	obscure	Lichen
usque	obscure	Old word for whisky
utile	obscure	Rare word meaning useful
uveal	obscure	Relating to the uvea of the eye
vacua	obscure	Plural of vacuum; rare
vagal	obscure	Medical term relating to the vagus nerve
vakil	obscure	Indian term for a lawyer
valse	obscure	French for waltz
vanda	proper-noun	mostly the first name Vanda; orchid sense is rare
vaned	obscure	having vanes
varia	obscure	Latin term for a miscellany
varix	obscure	Varicose vein
varna	proper-noun	Frequency largely from the Bulgarian city of Varna
varus	obscure	medical term; frequency from the Roman general Varus
varve	obscure	annual sediment layer
vasal	obscure	anatomical adjective relating to vessels
vasty	archaic	Old poetic word for vast
vatic	obscure	Prophetic
vealy	obscure	immature
veena	obscure	Indian instrument; also a first name
veery	obscure	North American thrush
vegie	variant	Variant spelling of veggie
velar	obscure	phonetics jargon
veldt	variant	Older spelling of veld
velum	obscure	Anatomical term for the soft palate
venae	obscure	plural of vena
venge	archaic	Old word for avenge
venin	obscure	toxic substance in venom
verst	obscure	Russian measure of distance
vertu	proper-noun	Mostly the Vertu phone brand
vesta	proper-noun	mostly the goddess, asteroid or brand Vesta
vetch	obscure	Plant; unfamiliar to most
vexil	obscure	variant of vexillum
viand	archaic	old word for an item of food
viced	obscure	past of vice, to hold in a vice
vichy	proper-noun	mostly the French town / Vichy regime and brand
viewy	obscure	having impractical views
vimen	obscure	long flexible shoot
vinal	obscure	Synthetic fibre
vinca	obscure	Plant genus
vinic	obscure	derived from wine
vireo	obscure	Bird species
vires	obscure	Latin, mostly in ultra vires
virga	obscure	Rain that evaporates before reaching the ground
virid	obscure	verdant
virtu	obscure	Love of fine art
vised	variant	past of vise, variant of vice or visa
vitae	obscure	Latin; used only in curriculum vitae
vitta	obscure	Oil tube in plant fruit
vizir	variant	Variant spelling of vizier
vizor	variant	Variant spelling of visor
voces	obscure	Latin plural
vodun	variant	Variant of voodoo
vogie	obscure	Scots word for vain
vogue	proper-noun	Mostly Vogue magazine rather than 'in vogue'
voile	obscure	Sheer fabric
volar	obscure	Anatomical term for the palm or sole side
voled	obscure	won all tricks in a card game
volta	proper-noun	Frequency from Volta (river, Alessandro Volta), not the dance
volte	obscure	rarely used outside the phrase volte-face
volti	obscure	musical direction: turn
volva	obscure	Fungal cup
vomer	obscure	Nasal bone
vrouw	obscure	Dutch word for woman
vuggy	obscure	having small cavities in rock
vulgo	obscure	Commonly
wacke	obscure	sandstone
waddy	obscure	Aboriginal club; also a surname
waked	archaic	Archaic past tense of wake
waker	obscure	Rare agent noun
waled	obscure	marked with welts
waler	obscure	Australian-bred saddle horse
walla	variant	Variant of wallah; frequency mostly from Walla Walla
wally	proper-noun	Mostly the name Wally (Where's Wally); slang for a fool is minor
wamus	obscure	heavy outer jacket
waney	obscure	of timber: having a wane
wared	obscure	past of ware, to beware
watap	obscure	thread from conifer roots
waugh	proper-noun	Frequency from the surname Waugh (Evelyn Waugh)
wavey	variant	Non-standard spelling of wavy
weald	archaic	archaic word for woodland; mostly The Weald
webby	proper-noun	mostly the Webby Awards
weber	proper-noun	Mostly the surname Weber; the SI-unit sense is obscure
wecht	obscure	Scottish word for weight
wedel	obscure	Skiing term
wedgy	variant	Variant spelling of wedgie
weest	obscure	Scots word for smallest
welch	proper-noun	Mostly the surname Welch; verb sense is also an ethnic slur
welsh	proper-noun	demonym/language Welsh
wench	archaic	survives mainly in old texts and historical settings
wenny	obscure	resembling a wen
whamo	variant	variant of whammo
whang	obscure	Dialect word; can be vulgar
whaup	obscure	Scots word for a curlew
wheal	obscure	Medical term for a welt
wheen	obscure	Scottish word for a few
wheep	obscure	Scots whistling sound
whelm	archaic	Old word meaning to engulf
whipt	archaic	old past tense of whip
whish	obscure	Rare variant of swish
whity	offensive	Derogatory term for a white person
whoof	variant	less common spelling of woof
whort	obscure	whortleberry
whoso	archaic	Archaic for whoever
widdy	obscure	Scots word for a halter or widow
wifed	obscure	Past tense of wife; rare
wifty	obscure	ditsy
wigan	proper-noun	Mostly the English town Wigan; the fabric sense is obscure
wight	proper-noun	Frequency mostly from the Isle of Wight; common sense is archaic
wilco	proper-noun	mostly the band Wilco
willy	proper-noun	Mostly the name Willy (Willy Wonka); also slang for penis
wingy	obscure	Swift; winged
winze	obscure	mining shaft
wirra	obscure	Irish cry of lament
wisha	obscure	Irish interjection
witan	obscure	Anglo-Saxon royal council
wited	obscure	Scots: blamed
withe	obscure	Rare word for a willow twig
withy	obscure	Willow twig
wived	archaic	old word for married a wife
wiver	variant	variant of wivern
wizes	variant	plural of wiz, variant of whiz
woald	obscure	variant of weld, dye plant
wodge	obscure	British slang for a lump
woful	variant	variant of woeful
womby	obscure	hollow
woody	proper-noun	Mostly the name Woody (Woody Allen, Toy Story); adjective is minor
wooly	variant	variant spelling of woolly
woops	variant	variant spelling of whoops
woosh	variant	Usually spelt whoosh
wrang	variant	Scottish variant of wrong
wrapt	archaic	Old past tense of wrap
wrick	obscure	to sprain
wried	obscure	twisted
wrier	variant	variant of wryer
wries	obscure	twists
wroth	archaic	Archaic word for angry
wyled	obscure	Scots: beguiled
wyted	obscure	Scots: blamed
xebec	obscure	Mediterranean sailing ship
xenia	proper-noun	mostly the first name or place Xenia
xenic	obscure	culture medium term
xeric	obscure	Ecology term for dry habitats
xerox	proper-noun	Frequency mostly from the Xerox brand
xerus	obscure	African ground squirrel
xylan	obscure	Plant polysaccharide
xylol	variant	variant of xylene
xylyl	obscure	chemical radical
xysti	obscure	plural of xystus
yager	proper-noun	Mostly a surname; also a variant of jaeger
yahoo	proper-noun	Mostly the Yahoo brand; the common word (a boor) is minor
yaird	obscure	Scots word for yard
yamen	obscure	Office of a Chinese mandarin
yamun	variant	variant of yamen
yapok	variant	variant of yapock
yapon	variant	variant of yaupon
yarer	obscure	comparative of yare
yauld	obscure	Scots word for vigorous
yecch	variant	variant of yech
yechy	obscure	disgusting
yente	variant	variant of yenta
yerba	obscure	rarely used outside the phrase yerba mate
yeuky	obscure	Scots word for itchy
yince	obscure	Scots word for once
yirth	obscure	Scots word for earth
yodle	variant	variant of yodel
yogee	variant	variant of yogi
yogin	variant	Variant of yogi
yomim	obscure	plural of yom
yonic	obscure	resembling a yoni
yourn	archaic	Dialect form of yours
youse	variant	Non-standard dialect form of plural you
yowed	obscure	howled
yowie	obscure	Australian ape-like cryptid; young ewe
yucch	variant	variant of yuck
yulan	obscure	Chinese magnolia
yupon	variant	variant of yaupon
yurta	variant	variant of yurt
zaire	proper-noun	Frequency from the former country Zaire
zamia	obscure	Cycad plant
zanza	obscure	African musical instrument
zaxes	obscure	plural of zax
zayin	obscure	Hebrew letter
zazen	obscure	Zen meditation term
zebec	variant	variant of xebec
zibet	obscure	Asian civet
zincy	variant	variant of zinky
zineb	obscure	Fungicide
zinky	obscure	containing zinc
ziram	obscure	fungicide
zizit	variant	variant of tzitzit
zlote	obscure	plural of zloty
zoeae	obscure	plural of zoea
zoeal	obscure	relating to a zoea
zombi	variant	Variant spelling of zombie
zoner	obscure	One who zones
zooid	obscure	Colonial organism member
zooks	archaic	Old mild oath
zooty	obscure	flashy
zoril	obscure	African polecat
